19366B476EC597CFF189795C1C97BB261B301576B2317667813D754EFDD6502E	35	.gitignore
E541F1FEDA66113C8A41B6B6E88838F88FB6799717E8440B11F7C69A3A152847	507	Directory.Build.props
626ED771D8A1FE517D4E1CC5523AE8D5B5F8C4A1D1623E5B44AE19AD0C6C9ECA	12071	docs/01_FALCON_VISION.md
5FC32F1ECBAF379DC00752E1BE687A1E88422DA39F6291A02537A2CD914E5DC2	34257	docs/02_FALCON_CONSTITUTION.md
F5645C704C64A089BBE1DF6AEFE99DB00D221A10B32A797EBB69889599FC1CC7	22864	docs/03_DOCUMENT_AUTHORITY.md
C6F6458615307BA32FD1A0798152E7D49AE97F5CE2002EBAD937FC092C75E70C	13816	docs/04_SPECIFICATION_TREE.md
68E7619BE400525BBFEA5C64AC2554D1CBE9E9602967EF409A4969AA83FBE033	7933	docs/05_LEGACY_MIGRATION_MAP.md
32A242E07D46217CCB14698CFFC56D40991BE21BE537F0E3F59092D06A4E5FF6	28524	docs/06_FALCON_SELF_AWARE_SYSTEM_CONCEPT_AR.md
464EFE9A2C0061F11988240E34DE1AC620DDE6528816FF92D4C52FBEE9383DCB	6899	docs/activation/candidates/CDA-AMD008-001/01_AFFECTED_DOCUMENT_INVENTORY.md
37533C1239CFBF58D07F18D61A86B8943060227826B999735C2ACD9CEBFB26B2	3318	docs/activation/candidates/CDA-AMD008-001/02_VERSION_TRANSITION_AND_SUPERSESSION_MAP.md
3D779B938AC79CEFC11D2038C3C6FB2D4CCD4F3640A9D0DA224CC5F2A8346D16	3998	docs/activation/candidates/CDA-AMD008-001/03_REGISTRY_TREE_GLOSSARY_DIAGRAM_CROSS_REFERENCE_CHANGESET.md
941B66A5F01EC6AD1F4D75EDE678A289A5ECBBCC011D1EBB108ED4D2BCCE508E	5361	docs/activation/candidates/CDA-AMD008-001/04_HISTORICAL_AND_EFFECTIVE_FILE_DISPOSITION.md
8FF0B6F680D44A323E4EF77F854D6CBC4B38DC739DCDD3BC06F5043DA4F26AE3	2695	docs/activation/candidates/CDA-AMD008-001/05_CANONICAL_PATH_AND_FILENAME_PLAN.md
31A7AC21B4D7145290EE6A802A9F628FE337CD0A21FB7DDEADC2B4F60F6DC8D5	7142	docs/activation/candidates/CDA-AMD008-001/06_DOCUMENT_DIFF_AND_MIGRATION_MATRIX.md
141370A222AB2A0AC83A37479EEBB619CE37EE31F68C606659999BCB66D3AEB6	2465	docs/activation/candidates/CDA-AMD008-001/07_CONSTITUTIONAL_AUTHORITY_SECURITY_ARCHITECTURE_REVIEW.md
E5CAFF7CF39A54FC626E45B1F1ABD2A4399C7B8AF44AF5F8728E14124D810DDC	2555	docs/activation/candidates/CDA-AMD008-001/08_POST_ACTIVATION_CONSISTENCY_AUDIT_PLAN.md
B62007F0D3CB4F74FCE56412BFD136D43DA8F00D1248C4101FD4A9A9970A0DB2	2040	docs/activation/candidates/CDA-AMD008-001/09_DOCUMENTARY_ROLLBACK_PLAN.md
4126B8F12FA555FC63138F4E5BC2F128CE89FEB44D9295AE7717DD7236286F18	1617	docs/activation/candidates/CDA-AMD008-001/10_ACTIVATION_SEQUENCE_AND_ATOMICITY.md
0AF1AAEA847387B72CD4F777912B1F8DD16C3856E9C75F16DD63913F63591BD1	16077	docs/activation/candidates/CDA-AMD008-001/11_OWNER_APPROVAL_PACKAGE.md
2D5B8EDC30798054F3D3AF9896792B57E60197D5A420379E84C481CDC81F7505	10726	docs/activation/candidates/CDA-AMD008-001/12_INDEPENDENT_REVIEW_REPORT.md
B2598B7DE1A151CD34693850900D1E8B6E203E2C2CC148AC09D2E42C6C2BC15D	15014	docs/activation/candidates/CDA-AMD008-001/13_CANDIDATE_BASELINE_MANIFEST.md
7DE7F10AB531698D6885C4FAE2439B9AFF99C53D2954903978CE18594D2F1188	15855	docs/activation/candidates/CDA-AMD008-001/14_ACTIVATION_MANIFEST.md
135707645274FA0F6FBA5B39820DF9A01741B25B1666BAC96EDC438674AAAEB5	5913	docs/activation/candidates/CDA-AMD008-001/15_ARCHIVE_MANIFEST.md
52D0C2B28595BB7C7421E0015E67215EC857D68D8BFFF9B70E97EF5BC29CF37E	9116	docs/activation/candidates/CDA-AMD008-001/16_ROLLBACK_MANIFEST.md
C333EFB59E6B84766DF0BABC02E667BD3D2D8F0D521C6DCC64BD733058C97517	5512	docs/activation/candidates/CDA-AMD008-001/17_DIGEST_INVENTORY.md
16516B3A74D0AA33D30263E3EF4933AE3DCE6FC293F5C6BAA527FE84AC7041F1	9661	docs/activation/candidates/CDA-AMD008-001/18_LINK_AND_ID_VALIDATION_REPORT.md
BA5B19CBEC71D17B8CF9E03B91EAB71832D8E074F17ED1B37D7D0A9F6924AAE9	7732	docs/activation/candidates/CDA-AMD008-001/19_CLAUSE_AND_CONTENT_PRESERVATION_AUDIT.md
FFE689BCC5AD2C14EDA852F8472407F3B483B3C3F15EAC58722616A7732D3408	1347	docs/activation/candidates/CDA-AMD008-001/20_DOCUMENTARY_ACTIVATION_COMPLETION_RECORD.md
63779FDC592DCD925471ED68D61AD27C181C449AE61E3774BFD2D19992803BE2	1312	docs/activation/candidates/CDA-AMD008-001/21_CDA_AMD008_001_FINAL_CLOSURE_REPORT.md
B40196F00053A190F8EE74934AD5683445EF0241B63C5F28A02B92E966EF8ACA	3464	docs/activation/candidates/CDA-AMD008-001/22_CDA_AMD008_001_CANONICAL_ACTIVATION_REMEDIATION_AND_COMPLETION_MANIFEST.md
245D0AD719D5B892973E81A5DC718C805723C2276DF7C8A33F2AB5A853146A95	7111	docs/activation/candidates/CDA-AMD008-001/administrative/ADR-000_v2.7_PROPOSED.md
FB2A3CF2D3D6ACE1DA5469316F98DDEE0E42C950039EDFDCA1F9FA574315E13A	5520	docs/activation/candidates/CDA-AMD008-001/administrative/CON-000_v1.7_PROPOSED.md
32A242E07D46217CCB14698CFFC56D40991BE21BE537F0E3F59092D06A4E5FF6	28524	docs/activation/candidates/CDA-AMD008-001/administrative/Concept_AR_v1.1_PROPOSED.md
83485BD973C9AF4C8884095DC939E0372A272206F60E138EE194290A11DAC47F	9097	docs/activation/candidates/CDA-AMD008-001/administrative/Core_README_v1.1_PROPOSED.md
54223E423EEF5E210A8A636704513FB69D1621B1F63A8695F328A7D9D97E1AEA	7181	docs/activation/candidates/CDA-AMD008-001/administrative/FRS-001-READINESS_v4.2_PROPOSED.md
8F4084E3E5E929F4F0E34E48A1452CE8FE4D6E3E057B483FF2CC6150C6529C90	1853	docs/activation/candidates/CDA-AMD008-001/administrative/GLO-001_v1.0_PROPOSED.md
68E7619BE400525BBFEA5C64AC2554D1CBE9E9602967EF409A4969AA83FBE033	7933	docs/activation/candidates/CDA-AMD008-001/administrative/GOV-002_v1.1_PROPOSED.md
80B7344A1F6B4C1FF275544A33D20A1BD1A8A6C395E08B624D4450DE4079F48D	6464	docs/activation/candidates/CDA-AMD008-001/administrative/ROADMAP-001_v2.9_PROPOSED.md
E9A679EF9A4DF3B7E32AE3151287DF9E41379C266B1DC24AC2DAEC13EC283FBC	25021	docs/activation/candidates/CDA-AMD008-001/administrative/SPEC-000_v1.5_PROPOSED.md
20E5E25E5AF3A85DAD58251D954A7484B80F2CD22A89B07E8024A8DFCCFA3AA6	31177	docs/activation/candidates/CDA-AMD008-001/administrative/TRC-001_v1.3_PROPOSED.md
6630C0E6C0D86CCE6C7C19A13CA6FE23E221B200DC2D2079B1B54E6B198B1CA9	13823	docs/activation/candidates/CDA-AMD008-001/administrative/TREE-001_v1.3_PROPOSED.md
BA4A31D0423AA2F4BD6865DF4A538FB0DBE2AF7A786C8AFA90F8D44B6DCEA9EC	1543	docs/activation/candidates/CDA-AMD008-001/decisions/FDN-004_FORMAL_NO_CHANGE_DECISION.md
48CF05190C199EABD3CEF86F1814E9BFB18DF8DBCF431E788E1261672337605E	3911	docs/activation/candidates/CDA-AMD008-001/README.md
954EB6E7A617E1DDA3F2B65A778F344D0DCBC0446E0C1E2FC6F39A8C70EE7D8C	13860	docs/activation/candidates/CDA-AMD008-001/successors/AWR-001_SELF_AWARENESS_SYSTEM_v2.1_PROPOSED.md
2C025D6B47786B1A4D9394CA99370E3B7A2E1FA1BF5774345039F95A34BD939A	1814	docs/activation/candidates/CDA-AMD008-001/successors/CON-002_AUTHORITY_DECISION_v1.1_PROPOSED.md
217470F66BFA33C906189BDA5770E1F1889DD29EC9435A32619B0517F33C1320	2835	docs/activation/candidates/CDA-AMD008-001/successors/CON-006_HEALTH_AND_FITNESS_v1.1_PROPOSED.md
9B2FA1411AF37EBDA37100F577D5EA65705D2F10E1025D56E7E243EEDEACEE9F	8862	docs/activation/candidates/CDA-AMD008-001/successors/EVO-001_SELF_MAINTENANCE_AND_EVOLUTION_v1.1_PROPOSED.md
6DBEFBACF21D04D2852E9BEAC7C4696ADA54B029A093E49F6B73552E16ED0964	11298	docs/activation/candidates/CDA-AMD008-001/successors/FDN-001_STATE_AUTHORITY_AND_PERSISTENCE_CATALOG_v1.1_PROPOSED.md
4CF341BF1F4C3C5771DD7203F4E1D3981D5FB833D3211FBA24CBC0EC3C64003A	11159	docs/activation/candidates/CDA-AMD008-001/successors/FDN-002_FIL_INTERACTION_AND_SCHEMA_CATALOG_v1.2_PROPOSED.md
69AA340CB63FFF6245BF7C2D9E78B0F8407113B642170CB5166D1B47D8DFFAEB	11148	docs/activation/candidates/CDA-AMD008-001/successors/VPL-005_HEALTH_EVIDENCE_LOSS_v1.1_PROPOSED.md
245D0AD719D5B892973E81A5DC718C805723C2276DF7C8A33F2AB5A853146A95	7111	docs/adrs/ADR-000_INDEX.md
2C6E5643A82069AC0C1A83D027AEC4F3EE83157A8A3F5682CF9B114B3AE7E835	7155	docs/adrs/ADR-F001_FOUNDATION_EXECUTION_AND_ISOLATION_MODEL.md
BAA561EEF8A1BBA163B44AB7C28E90578DBAD960AF0F7FB5A0A8A06B692F6E6F	7520	docs/adrs/ADR-F002_AUTHORITATIVE_STATE_OWNERSHIP_MODEL.md
69CE2D8E3E40FE4D6B401DFA0BF03EC27B7078373D0E1038D992C1E301686AD4	8068	docs/adrs/ADR-F003_INITIAL_COMMUNICATION_TOPOLOGY.md
39D3E3AADD2ABF27FD31D2BEBE51F4ECDCF70ECED20CF8777BFD97D684A3C4A8	7912	docs/adrs/ADR-F004_FIL_REPRESENTATION_AND_SCHEMA_MECHANISM.md
647783C5CDD89B497BEA1CCE996BFD81EA64D54CE72B95BE6A0FFA9423F9653B	9187	docs/adrs/ADR-F005_PERSISTENCE_AND_EVIDENCE_INTEGRITY_MODEL.md
810BC433EAFF4ABA7D2DC8B8A30EA2B6E14C414966D86F9CDE5FADC582786279	9129	docs/adrs/ADR-F006_IDENTITY_AND_TRUST_BOOTSTRAP.md
41F01B2D21A343BA686B63889AE8BE9CB39DCBA37812F1480883112078D5FCF7	9397	docs/adrs/ADR-F007_CONFIGURATION_SOURCE_AND_PRECEDENCE.md
133DC7863210B026E91B0760C78D3E114619C2B1CE601EA5B384D972D1847B54	10198	docs/adrs/ADR-F008_SAFE_STATE_ENFORCEMENT_BOUNDARY.md
93D041F51C93849982A6E1BB188D6543F6B630A4E178881041224BCE35F2C5AD	5556	docs/adrs/ADR-I001_FOUNDATION_RUNTIME_AND_LANGUAGE.md
E54D764686072DD1CD73D00D0245822A63A4C42967D38CC5ED5E35D68FF8706C	9390	docs/adrs/ADR-I002_REPOSITORY_AND_DEPENDENCY_POLICY.md
C3473EB949AA7E6DB191A6198B515E8073EB5AF3A71190AC7B8FCC6A3BE3FD94	14073	docs/adrs/ADR-I003_FOUNDATION_PERSISTENCE_REALIZATION.md
9457D54F2A9C896CB4FE41B3E6A889D90371B91425AD4F66D9A960775C4667EC	15411	docs/adrs/ADR-I004_FOUNDATION_COMMUNICATION_REALIZATION.md
6C2F7D7596310FE7A436FBE2A1F09A1B8CAA7145F1A52B4C832ECF6F9ECB2176	24155	docs/adrs/ADR-I005_FOUNDATION_CRYPTOGRAPHIC_AND_SECRET_PROFILE.md
C1B3721D648EF0D3D860170CE8248A8CE01A2C95D5DDF767A25D79143302C830	26848	docs/adrs/ADR-I006_FOUNDATION_TIME_AND_IDENTITY_REALIZATION.md
ECE5E2422EB474348BB05B2A25592D2D18E8D2049279A70BA1BBD94C82877975	43614	docs/adrs/ADR-I007_FOUNDATION_BUILD_VERIFICATION_AND_PROMOTION_PIPELINE.md
5E985BB41FEF79411FA83ABFF9A9E87BEEA8FEABA23417C322E508A3B5A2D7C1	24008	docs/adrs/ADR-I008_FOUNDATION_BOOTSTRAP_AND_ACTIVATION_SEQUENCING.md
DD9519B985D2F4E41A2149BC50E3FE90A839D93CBC61CEFB5584B1C23BEA5217	6313	docs/adrs/ADR-I015_FALCON_OS_APPLICATION_AND_AWARENESS_ALIGNMENT.md
47F33859C378B8AF5A463DA1D719F57E259E00B6C3CE38F411C612070BF47841	1240	docs/adrs/ADR-TEMPLATE.md
750CD24FB25E0E1E29A91D745FECFE03A4AFB897A49319AC519BED39DB1CB0FC	11850	docs/amendments/AMD-001_FIL_CRYPTOGRAPHIC_PROTECTION_AMENDMENT_PACKAGE.md
B8EB4912AAAD77959421495135814410E82E6D1E3DC9C6600252B18CC11CDE20	17306	docs/amendments/AMD-002_AUTHORITY_JURISDICTION_VERIFICATION_AMENDMENT.md
206546F50918EF31D2DB31D06B9C6B1D4CF0FA2E10E22A5508942C3728F5A80E	22451	docs/amendments/AMD-003_BOOTSTRAP_AND_ACTIVATION_SEQUENCING_AMENDMENT_PACKAGE.md
840FE557F5D35A1E307749EC6D8D78445B4BDF6E0186FEBAEEC2EA1528FA7985	16532	docs/amendments/candidates/AMD-004/01_ARCHITECTURAL_IMPACT_ASSESSMENT.md
55E82DA33773C5D1C2C7BCD43F7F1623DF1D8F57F5D4819B57D40C37C4F3F1A7	7498	docs/amendments/candidates/AMD-004/02_FSA_REPAIR_AND_EVOLUTION_IMPACT_ASSESSMENT.md
DAE32C15AAB21479D03601D9E5E0E3623B2D1DD46A3BBC1FA111017A4F58F187	4157	docs/amendments/candidates/AMD-004/06_CROSS_DOCUMENT_CONSISTENCY_REVIEW.md
8B48E53BCB3E56D0A5AF2D3555AA118720C7558F5DEC1AE5B30F67D77CFCF874	4042	docs/amendments/candidates/AMD-004/07_CONSTITUTIONAL_COMPLIANCE_REPORT.md
8D585A774A4B3E8169D62AF2DB895EC61FB44592120BCD7436D0A05153DCE787	6734	docs/amendments/candidates/AMD-004/08_OWNER_APPROVAL_PACKAGE.md
745A305B085460FDEB98F1479A99B355856469464BCDE69DB488DFD43FA058F1	1175	docs/amendments/candidates/AMD-004/09_PRE_STAGE_1_READINESS_RESULT.md
1A3B4E1DE01807C9A86FA9385B71E070F758E76B6FCF37B822830122314CE91F	26174	docs/amendments/candidates/AMD-004/adrs/ADR-I009_SELF_AWARENESS_HIERARCHY_AND_BOUNDARY.md
5FD587AA05137D25928B41B42BA73FFA1A95A15AF6506BC30E5749A857D06991	2067	docs/amendments/candidates/AMD-004/CHANGELOG.md
906513756438DB542BCF728A140DC48A2ADD19C58717E53EEE3F09C6F3F398F5	2427	docs/amendments/candidates/AMD-004/history/AMD-004_v0.1_CONTENT_MANIFEST.md
3B23EF76FA67E3F6AF67CE5C54D04B8842641B95E3A7DD0059B92584DA46F267	3950	docs/amendments/candidates/AMD-004/README.md
548DA91950D4126B028C24735471AA8D4008D96C6F72815544D822864DE52CBB	32234	docs/amendments/candidates/AMD-004/specifications/AWR-001_FALCON_SELF_AWARENESS_SYSTEM_v2.0_PROPOSED.md
AA3DB8C84260C8EFFD73C85A40184147C44996A403BF29DCA5FA8D24C1DA1332	6960	docs/amendments/candidates/AMD-004/specifications/AWR-006_MAIN_SELF_AWARENESS_PROPOSED.md
BD1C2B2C6B194F43B8B897D2FD0DA88EE6C91ECEC4C2D1FBCEB89D14C24BE33E	5064	docs/amendments/candidates/AMD-004/specifications/AWR-007_LOCAL_SELF_AWARENESS_PROPOSED.md
0DDF2A90DB449ADDC1484CA5C6BA40160D4BEAB9EE0CA7FDA209F740A247E048	5346	docs/amendments/candidates/AMD-004/specifications/AWR-008_COMPONENT_SELF_AWARENESS_PROPOSED.md
00ADF85CB1F6A23EE9C093FA69B7641F2290EAA42ECE32561BCE0C7C8038D632	5479	docs/amendments/candidates/AMD-004/support/AUTHORITY_OWNERSHIP_CONFORMANCE_MATRICES.md
12C7C0EFDC7A5BDF6F9A3F49A58B1B96EA226CF5D40E6B822A13C75FC615A5BA	5745	docs/amendments/candidates/AMD-004/support/AWARENESS_HIERARCHY_AND_BOUNDARIES.md
6477110724BE0C7A3662429C466C71AAD60F2BD816C96133EB3D34B9DDD36DDD	4499	docs/amendments/candidates/AMD-004/support/FSA_CANDIDATE_AND_OWNER_DECISION_LIFECYCLE.md
299E7473A59C3944D99634E15AF7E5555143C12FF79521CB647D433481557967	3391	docs/amendments/candidates/AMD-004/support/FSA_GUARDIAN_READINESS_SUPERVISION_REQUIREMENTS.md
AB7D443EC1B0CD28506B13495FC1713814CAF849C3CD6C3514138D4499DB54D6	5555	docs/amendments/candidates/AMD-004/support/FSA_REPAIR_AND_EVOLUTION_AUTHORITY_MATRIX.md
9C8F7EA34055FA27D6CA261D69388A37E2AF9387241856C0E2F6727D3BF47246	5559	docs/amendments/candidates/AMD-004/support/MIGRATION_COMPATIBILITY_AND_CROSS_REFERENCE.md
747CB00B03E868A321BA3CF3C86AFF62A5B0E2AB77FBDCAC15552F3EDBA8A127	4320	docs/amendments/candidates/AMD-004/support/OWNER_COMMUNICATION_AND_APPROVAL_CENTER_SPECIFICATION.md
935C823EEB3713A7E49140968FD012F66E3CB393AFFD7E39EA275D60A8852A7C	5418	docs/amendments/candidates/AMD-004/support/REGISTRY_INDEX_TREE_GLOSSARY_CHANGESET.md
72F60B48D9D3D0E69F18488354118280762C9BA591B3CC49B34A41FA7E804B25	7057	docs/amendments/candidates/AMD-004/verification/VPL-AWR-001_AWARENESS_BOUNDARY_ACCEPTANCE_PLAN.md
F4D0DD964F6C0A19BF11D7CFA0E7C1DA25D47E7F5FF52DBCC94189D7395D155A	5141	docs/amendments/candidates/AMD-005/01_ARCHITECTURAL_IMPACT_ASSESSMENT.md
A0EED9DF6323AE5DE66B788B9AF233EE11EE0EE26C6DE2CC423F60EA518EA13D	2642	docs/amendments/candidates/AMD-005/07_CONSTITUTIONAL_COMPLIANCE_REPORT.md
3A26389D5BB0F6B0B6A4255963304473F5572FCA1B346F0EF8340BB63099CBBC	3142	docs/amendments/candidates/AMD-005/08_OWNER_APPROVAL_PACKAGE.md
0AD991612FFCC25FD6C4D067AF2BD9CA555A655F682FE87DFFEC72148BA25E1E	1465	docs/amendments/candidates/AMD-005/09_PRE_STAGE_1_READINESS_RESULT.md
6351A9122F9E5F160757368DBA7170C937CD83C440A36F2537789178AA69D832	5768	docs/amendments/candidates/AMD-005/adrs/ADR-I010_FOUNDATION_GUARDIAN_BOUNDARY.md
EEFF8AB127F7352656BE25B995FB286727C263672BB3876A0CADE0DB24700224	2614	docs/amendments/candidates/AMD-005/README.md
C26E4E321B1E77CD4AA787EA0F177A53513D44720272582C9F9334D85606018C	19924	docs/amendments/candidates/AMD-005/specifications/AUT-002_GUARDIAN_v2.0_PROPOSED.md
44597EBC2E2E71666F144A7B383E5B6588D1174091DEC0E16154323242FC113A	2775	docs/amendments/candidates/AMD-005/support/GUARDIAN_AUTHORITY_AND_KNOWLEDGE_MATRIX.md
4E69584E34823F3B890D6128F0ED6215EBB8E1FEE1FB1ADC8BE63A9B139900EC	1951	docs/amendments/candidates/AMD-005/support/REGISTRY_AND_MIGRATION_CHANGESET.md
1B91859F30BBDC944A54ED07474974BCC25BEE661F46DD98382B3F8AE7E812E4	3141	docs/amendments/candidates/AMD-005/verification/VPL-GDN-001_FOUNDATION_GUARDIAN_ACCEPTANCE_PLAN.md
271CEAFFE6E51DF8885E7CF20CAD17B449262D7F07EAADE6BB10B414BBF99713	4784	docs/amendments/candidates/AMD-006/01_GUARDIAN_ARCHITECTURE_IMPACT_ASSESSMENT.md
A9D7A62ACDCCCCF942C80D3D65F4440EE7792CDDFBC84E7C890E3333EF489F87	2345	docs/amendments/candidates/AMD-006/02_CONSTITUTIONAL_AND_AUTHORITY_REVIEW.md
1705D3886F23715D2483C5E15E1C6D9AEF8FB785B0337F4E9C09CF1C05AE7352	2223	docs/amendments/candidates/AMD-006/07_CROSS_DOCUMENT_CONSISTENCY_REVIEW.md
71ABAE5AFB960D8A328564B9029E4BEEB58FDA35D6069E94BCD3AEFB39FF96C2	3950	docs/amendments/candidates/AMD-006/08_OWNER_APPROVAL_PACKAGE.md
AFF252E092039B219E9D0FF3563E2B9E09DE19CF35DC09923DF637C8F2B740E9	950	docs/amendments/candidates/AMD-006/09_READINESS_RESULT.md
326D6B1B666335D3013A586A36840B02EF49D81AA639547944B22AB0476C7426	4871	docs/amendments/candidates/AMD-006/adrs/ADR-I011_FOUNDATION_AND_APPLICATION_GUARDIAN_SEPARATION.md
07DF421983285E5205FC556CB4ACE424D66D6709F662CB1F578877CD23ED5907	903	docs/amendments/candidates/AMD-006/CHANGELOG.md
A36A32B77ECA976427CD797E35902E76C67C05ED54D8752A4614997E4BA81C85	6471	docs/amendments/candidates/AMD-006/contracts/CON-022_APPLICATION_GUARDIAN_PROTECTION_REQUEST_PROPOSED.md
830853B9EA6B3A3EA8E4675A5DCA3C3331CD66079C35F5B03E9354F8D9E6FB41	3078	docs/amendments/candidates/AMD-006/README.md
1A98162AE5F77082BCE7612A9BB6B1BAC0ECD8507B509014D8FFF9604272F7AA	8579	docs/amendments/candidates/AMD-006/specifications/AUT-002_FALCON_FOUNDATION_GUARDIAN_v2.1_PROPOSED.md
0C3F0C2BA3D2A08F05CEC222E9A013C48081796DA739025AB1B2E0CB5B0EBFC6	7013	docs/amendments/candidates/AMD-006/specifications/RSK-006_TRADING_GUARDIAN_PROPOSED.md
58242ED0F50A25384A9A8CBFBDEC134876CCE82B9D67844E1E93935431275935	1948	docs/amendments/candidates/AMD-006/support/AUT-002_MIGRATION_PLAN.md
C94AE3B3ABE1FCA609257B1F4AC86BD9BC38137974D81079E1D456D505323388	2199	docs/amendments/candidates/AMD-006/support/AUTHORITY_KNOWLEDGE_AND_ISOLATION_MATRIX.md
11519013BF911BEF5C97AF4B25B8502B9163C7FEF8E916677C34FF34BDD450B5	2980	docs/amendments/candidates/AMD-006/support/DOCUMENTATION_CHANGESET_AND_STAGE_1_PREREQUISITES.md
39821CE1B2DD52E2E03E45F52F0DD6AB20FD30D69FBC16A3E79AF15CC0C12D97	1668	docs/amendments/candidates/AMD-006/support/SAFE_MODE_SEPARATION_MODEL.md
33A01C3407200E961804AADC43B5FB2EE161FB1542B4F1D6F62D27498CD5E1D2	3034	docs/amendments/candidates/AMD-006/verification/VPL-GDN-002_GUARDIAN_SEPARATION_ACCEPTANCE_PLAN.md
84A6F11F6F3B53552BEC4A218C4E9941D6E85930AD7440BDA804A428442A8EED	2218	docs/amendments/candidates/AMD-007/01_EXECUTIVE_ARCHITECTURE_ASSESSMENT.md
602FD88B0D00078BBA50CA1368B8D15DD769AF793498EF340020F1437DCD1A9F	4112	docs/amendments/candidates/AMD-007/02_FOUNDATION_GAP_REPORT.md
5719A2790C69726BFC11940CE8650F8AB5090601658B2E45BB72516FE5DAC3F3	2550	docs/amendments/candidates/AMD-007/03_BUSINESS_DOMAIN_LEAKAGE_REPORT.md
0B0C3A00756F06A0DB092C04099709E67C64B184CE0D4CE163CD7629D6131374	2085	docs/amendments/candidates/AMD-007/04_CON022_AND_RSK006_VERIFICATION.md
8C9093552ADFAD7C895FC76A5E5C81E29102C836704F753CE2176BF0156A1F15	1919	docs/amendments/candidates/AMD-007/05_FSA_ALIGNMENT_PACKAGE.md
CE1F3B6741BCA63E1B47A79620DA3C222498967C9313C3EB669AA30E4A01D810	955	docs/amendments/candidates/AMD-007/06_FFG_VERIFICATION.md
9F71DA37B399CFF5BEC139F9EF09FD1CEDBEB95E8C9DDAF071C5F34AB7CBD16E	1201	docs/amendments/candidates/AMD-007/11_INDEPENDENT_REVIEW_REQUIREMENT.md
4E4F798AF1E327338FB0547C068A1FB0BB7431E4C01267813C2BCBFCA77EDBDE	4992	docs/amendments/candidates/AMD-007/12_OWNER_APPROVAL_PACKAGE.md
5EF75C2B404EB697953CAF6329D14A1DD19197BA64189B6904CEAD431CBFB3FB	1022	docs/amendments/candidates/AMD-007/13_FINAL_READINESS_RESULT.md
44A458408FE1C7AED8581CDA8F47D3EFFD54C4229E2BC6FC59BE8CD69759D9C8	4110	docs/amendments/candidates/AMD-007/14_INDEPENDENT_REVIEW_REPORT.md
F809D978CF75A1C4519EEDFC1496A33174F6FE0A9301D7EFE173CF80CE2CC9F0	1960	docs/amendments/candidates/AMD-007/adrs/ADR-I012_FOUNDATION_PLUG_AND_PLAY_APPLICATION_MODEL.md
52AAE4586C445B8DBC8D7D0613DD169B479DB69324FCD835725661FBF36A343A	2496	docs/amendments/candidates/AMD-007/adrs/ADR-I013_TECHNICAL_CRITICALITY_AND_PLATFORM_SAFE_MODE.md
4B6331057CE7E376DFDFA4EDE3BC6A2E5D7805CC52994D3E9E6692C558930E5A	1897	docs/amendments/candidates/AMD-007/adrs/ADR-I014_FFG_HIGH_AVAILABILITY_AND_INDEPENDENT_STOP.md
675310333D93B3B0238890C3E1FC13718C11B72522C8AF771CEB76CC72879D29	1238	docs/amendments/candidates/AMD-007/catalogs/GDN-001_GUARDIAN_CONSEQUENCE_AND_RELEASE_CATALOG_PROPOSED.md
9C2926AC2F10489ED8E95A1323ADD555C2D66A5531EFB78174CA77C966624452	1404	docs/amendments/candidates/AMD-007/CHANGELOG.md
8B0FE557AB8A77F58BB3EEF108D009A82C17C3A626E20A35A3944EDC6C21F0CA	4658	docs/amendments/candidates/AMD-007/contracts/CON-022_APPLICATION_GUARDIAN_PROTECTION_REQUEST_v1.1_PROPOSED.md
D5078BE5FE81C59A010402C9527AED2E3DAA91B57FD31AE14FAC3E6EA116D8AB	1149	docs/amendments/candidates/AMD-007/contracts/CON-023_APPLICATION_MANIFEST_PROPOSED.md
C0B48801D76D9216EF5BED8137F3967105BA268CF0910E363FCAA9273EC22ECA	961	docs/amendments/candidates/AMD-007/contracts/CON-024_APPLICATION_GUARDIAN_REGISTRATION_PROPOSED.md
9EC35B8B6E0DECC9EF6BFF26BF1513BCAD9A4578B346EDB5DE115F95931207DA	738	docs/amendments/candidates/AMD-007/contracts/CON-025_RUNTIME_PROTECTION_ACTION_PROPOSED.md
ABA624288855008819A935ED510D32A39AD3CDAE35549FE12DC4533FB42E3FF7	631	docs/amendments/candidates/AMD-007/contracts/CON-026_LIFECYCLE_PROTECTION_TRANSITION_PROPOSED.md
70B40428790E55E553BE3F1DF1A5D5BCA432CC9EE54208174FCBCE228AD7E6E5	691	docs/amendments/candidates/AMD-007/contracts/CON-027_SERVICE_BUS_PROTECTION_CONTROL_PROPOSED.md
BE4D3DD4CAAA4C5BD5281128F16BED839625A2B6BE856CD7983AF2B8E27798A2	771	docs/amendments/candidates/AMD-007/contracts/CON-028_FIL_PROTECTION_PROFILE_PROPOSED.md
91FC029737D7C14874B6A55EB1F33F5E4CB300C9E37C5EE5DCBECB547191E260	920	docs/amendments/candidates/AMD-007/contracts/CON-029_PLATFORM_RESTRICTION_STATE_PERSISTENCE_PROPOSED.md
B013B214A6E1A6CA854FE0FB8EBCE5CE9395F1A2A7E64E3B1A2D7D32D3B2383E	769	docs/amendments/candidates/AMD-007/contracts/CON-030_SECURITY_AND_AUTHORITY_PROTECTION_ENFORCEMENT_PROPOSED.md
489012C240B23AB683A627BEEEC76A24ACAE2141959F82F85772890C7DEE92F4	939	docs/amendments/candidates/AMD-007/contracts/CON-031_PROTECTION_AUDIT_AND_EVIDENCE_PROPOSED.md
7FDAB99F641ACFE8A4759D535EB72544D68EFFF9C5A96E1AC49263C07D8AFE6C	974	docs/amendments/candidates/AMD-007/contracts/CON-032_INDEPENDENT_STOP_CHANNEL_PROPOSED.md
5229E4D8A64596FE3A4DB8956E4F9A54DAD03A6DB85F4DA3C902DA2832D5DC20	3342	docs/amendments/candidates/AMD-007/README.md
BEF797839F3ABBAF5A0049E91A0F9DDBD8ECB216DDA3EF9748B727558B18AC1B	1910	docs/amendments/candidates/AMD-007/specifications/APP-001_APPLICATION_BOUNDARY_AND_ADMISSION_PROPOSED.md
BB1FA04EABD531E9DEDC47076396ED99A691EF60673A01CEF9E6408178EFEFFF	1341	docs/amendments/candidates/AMD-007/specifications/APP-002_APPLICATION_GUARDIAN_MODEL_PROPOSED.md
F7F80607F8CA7DD55318B8BBCF4D01A996BEB77B0C66B63D28B94F554FE291BC	2122	docs/amendments/candidates/AMD-007/specifications/AUT-003_GUARDIAN_INTERVENTION_RELEASE_AND_COMPROMISE_PROPOSED.md
3AC629F47487ADB0ED5FDD078F07C4CB0C383E90A175046E39B20262EFCC11DA	7004	docs/amendments/candidates/AMD-007/specifications/OPS-005_PLATFORM_SAFE_MODE_SURVIVAL_SET_PROPOSED.md
546177CA53FA4C1A54F7CEE29B0EA5B5B2702C01BC7B09A69148B555D27F00D3	1422	docs/amendments/candidates/AMD-007/specifications/SYS-003_SERVICE_CATALOG_PROPOSED.md
7DD8AA6636B6E4F9AF2749AF4073E8A08AEA0366C1E15E5A2BD2CA0F85E42A9A	1176	docs/amendments/candidates/AMD-007/specifications/SYS-006_RESOURCE_GOVERNANCE_PROPOSED.md
BEBF3FD5B43A5B13C779484A82ECDC05E5C70AA4A064864CAF0B028A68768307	3030	docs/amendments/candidates/AMD-007/support/COMPREHENSIVE_AUTHORITY_AND_KNOWLEDGE_MATRIX.md
3A5462473F023CF3B2322329FEC13A462FBD69A0B5EB3003AFB160BE1630FE71	1383	docs/amendments/candidates/AMD-007/support/CROSS_REFERENCE_MIGRATION_AND_STAGE_1_PREREQUISITES.md
812B99E8FB30D9CA21A8E3CF8A9A0B0B46F82A21812A7D44701186F1BAE24697	942	docs/amendments/candidates/AMD-007/support/PLUG_AND_PLAY_APPLICATION_LIFECYCLE.md
635BFF1F30C58E0717214A1754E281EAC9E1FFCE0389F7BB48FF03B6C930405C	1979	docs/amendments/candidates/AMD-007/verification/VPL-INT-001_FOUNDATION_GUARDIAN_INTEGRATION_PLAN.md
9798DC6A8D760CC35CA4A3FAD548435719BF8511ED7F0D13E4F8C23E6C3AA64F	3620	docs/amendments/candidates/AMD-008/01_ARCHITECTURAL_IMPACT_AND_GAP_REPORT.md
95BE2F6D2DA35A773734DF1BF2039D45AF021075AC9CC5F62C0194867E154BC1	3345	docs/amendments/candidates/AMD-008/02_REQUIREMENTS_TRACEABILITY_AND_VALIDATION.md
1B8832E0A6D4D3B16F24483661B436E4AC27FD09EF475CB8E3B3E2ADB644C3B0	2737	docs/amendments/candidates/AMD-008/03_OWNER_APPROVAL_PACKAGE.md
68798BEB387775C371989D6ED288730CD5543C7408D1FFD9073751C4336BB44E	1991	docs/amendments/candidates/AMD-008/04_FOCUSED_CHANGE_SUMMARY.md
DD9519B985D2F4E41A2149BC50E3FE90A839D93CBC61CEFB5584B1C23BEA5217	6313	docs/amendments/candidates/AMD-008/adrs/ADR-I015_FALCON_OS_APPLICATION_AND_AWARENESS_ALIGNMENT.md
E13452551A1BE807E1BD3DB84D3805600F5DD81E52418DEEA3B59ED522BCF893	2826	docs/amendments/candidates/AMD-008/contracts/CON-023_APPLICATION_CONTRACT_AND_MANIFEST_v1.1_PROPOSED.md
055467CB373F85D9967A15D2A4DAF5037F71185724D60113E97BAA7C17404D0C	3321	docs/amendments/candidates/AMD-008/README.md
88EF83B613EE4A0DF74E30330518DC2F694737AAB5C59DB1633FC7E390BF7C3E	3152	docs/amendments/candidates/AMD-008/specifications/APP-001_APPLICATION_BOUNDARY_AND_LIFECYCLE_v1.1_PROPOSED.md
05851AF74B88FD51392479AA67F7130D9B918B9BA491EAF9BBDC5554288B7A15	2219	docs/amendments/candidates/AMD-008/specifications/AWR-006_MAIN_SELF_AWARENESS_v2.0_PROPOSED.md
81029EEE894829F121F0329A28E1D79D4DC670E553050B5E1AA98A6FB95707B1	1645	docs/amendments/candidates/AMD-008/specifications/AWR-007_LOCAL_SELF_AWARENESS_v2.0_PROPOSED.md
8652CFD99052A5100B2C8CA08BF43283474832D2C90A4BCB3252272E22BDB930	1703	docs/amendments/candidates/AMD-008/specifications/AWR-008_COMPONENT_SELF_AWARENESS_v1.1_PROPOSED.md
6E56328F2DBF7931CE1047A78D6E2942EE05B32BD93B568D7841685F37E87106	1720	docs/amendments/candidates/AMD-008/specifications/SYS-003_FOUNDATION_SERVICE_OWNERSHIP_AND_CATALOG_v1.1_PROPOSED.md
9E5AD5DDD83FF460FFB89E111B45C92A16D85FCA696D406D648B430F84E400B5	2135	docs/amendments/candidates/AMD-008/specifications/SYS-004_APPLICATION_DEPENDENCY_GOVERNANCE_v1.0_PROPOSED.md
CB99A4C3A375710E748B7576076DC9F3438FD7AA5C88B24615344C8CE1B2F797	1534	docs/amendments/candidates/AMD-008/specifications/SYS-006_MULTI_LEVEL_RESOURCE_GOVERNANCE_v1.1_PROPOSED.md
0D8BC72B38ED96497C13EA01FCE85AEFABA294FC40A6D497D8231CD7FC9F0005	7938	docs/amendments/reviews/AMD-003_CLOSURE_REVIEW.md
FFF24D815DDDFA7BAB43E6F2DB103329EB3FEA0A51765A23B6DBFBD48782DC9C	10483	docs/amendments/reviews/AMD-003_CONTRACT_AND_VPL_IMPACT_REVIEW.md
F88477C066E5AAC3E6AE3E861C3FAF03874B1AFFCA45EE4F2F3D91AABD146658	6032	docs/archive/document-authority-v1.2/governance/GOV-001_FALCON_DOCUMENT_AUTHORITY_v1.1.md
DBA408D60E7053634F6A83DA83A3CDE28D51367E57071F1F0EF8F48382B0B93F	18624	docs/archive/foundation-closure/releases/FRS-001_READINESS_REPORT_v4.0.md
D44A257C26CD3D4F55C2ADD3E2D99594EE5490283EDF983242841C920369AD9B	20863	docs/archive/foundation-closure/roadmap/ROADMAP-001_FOUNDATION_GOVERNANCE_AND_SECURITY_BACKLOG_v2.7.md
C32F40093463D70C23ABAA3DB51FC84B0ABE0E339B281628663A952719E92BB2	4733	docs/archive/pre-authority-v1.1/specifications/core/AUT-001_AUTHORITY_ENGINE.md
386F46A1EE8EA72BC3A8A402E365680A947125484BBB0FE430ECB52CA26C8450	26366	docs/archive/pre-bootstrap-build-v1.1/catalogs/BLD-001_FOUNDATION_TOOLCHAIN_AND_BUILD_BASELINE_CATALOG_v1.0.md
8CBCCDF930F86C11F7B4607012E9A9E05F9AF6852315E8A9FD96C1C431960C2B	1608	docs/archive/pre-bootstrap-contracts-v1.1/contracts/CON-008_EVIDENCE_AND_LOGGING_v1.0.md
6E523DC5215DE1F3711B0AEA7BDD9E2953D554F30BEFAF7E59449DDEDDB60F54	5250	docs/archive/pre-bootstrap-contracts-v1.1/contracts/CON-010_FOUNDATION_BASELINE_MANIFEST_v1.0.md
55D75E00E7CD60D40307ED734F8C11A2EC9FCB77FC7316036462074A0EB3CD9D	29994	docs/archive/pre-bootstrap-crypto-v1.1/catalogs/CRY-001_CRYPTOGRAPHIC_DOMAIN_AND_PROFILE_CATALOG_v1.0.md
D610AA15510247A8F57BC68C32A1AC436E7E9AE0144BE60329F59BB77014831E	32863	docs/archive/pre-bootstrap-environment-v1.1/environments/ENV-001_FOUNDATION_BUILD_AND_VERIFICATION_ENVIRONMENT_PROFILE_v1.0.md
689A6AEEB20AE9EDCD43C94DA770F6C929C31D8A12F452F7D03EB7A7B22C0DC8	28028	docs/archive/pre-bootstrap-identity-v1.1/catalogs/IDN-001_FOUNDATION_IDENTIFIER_CATALOG_v1.0.md
EFEED874149693E39022801952DAEBC55AAC113D9CC0191D8F3E3FF0929C006A	11356	docs/archive/pre-bootstrap-imp-v1.2/plans/IMP-001_FOUNDATION_IMPLEMENTATION_WORK_PLAN_v1.1.md
874A43B72054F6EA794BA82713048B176206AC93CAD37EE1220DA23D0ABC84A8	36581	docs/archive/pre-bootstrap-pipeline-v1.1/specifications/foundation/PIPE-001_FOUNDATION_PIPELINE_SPECIFICATION_v1.0.md
59D97A0CF5858A6448F4C092733534D27AD2719F9BCBC980A2776976042D62CF	9574	docs/archive/pre-bootstrap-readiness-v4.0/releases/FRS-001_READINESS_REPORT_v3.21.md
799C9907945F255A4F73FF133AF65C0468F0BC5B43BBA057F1549CF39D5D94D5	7257	docs/archive/pre-bootstrap-roadmap-v2.7/roadmap/ROADMAP-001_FOUNDATION_GOVERNANCE_AND_SECURITY_BACKLOG_v2.6.md
93EE5834383B99C6645F8D812162E921629D9D51E0202EDCB14848B6EDF283FD	37562	docs/archive/pre-bootstrap-security-design-v1.1/design/DESIGN-SEC-001_FOUNDATION_CRYPTOGRAPHIC_PROVIDER_AND_SECRET_CUSTODY_v1.0.md
32B135EFBD0035EE8C7F877A8FA1DEB04FDBB541A1FE280A2EF69F136F9C3689	28703	docs/archive/pre-bootstrap-time-v1.1/catalogs/TIM-001_FOUNDATION_TIME_AND_CLOCK_QUALITY_CATALOG_v1.0.md
E33A132F3FB55613DAC4A17DBF56C1D04C178A227CD5D4CB57E8C82137F882C9	31946	docs/archive/pre-bootstrap-traceability-v1.2/traceability/TRC-001_FOUNDATION_REQUIREMENT_TO_VERIFICATION_TRACEABILITY_MATRIX_v1.1.md
1305F2FA00C48DFCC9C84D1A85776129A7B0766014BE41314C78A7B1B74B2A42	10607	docs/archive/pre-cda-amd008-001/04_SPECIFICATION_TREE.md
4A0847B9D2A79B6B7315E8818231F4B87CA99CDCD718503E4800C45816E64271	5105	docs/archive/pre-cda-amd008-001/05_LEGACY_MIGRATION_MAP.md
34A7C1438796D0A506EE0AFD64B9B06F7A35876593A4D92264B8C62647F4D6D2	25875	docs/archive/pre-cda-amd008-001/06_FALCON_SELF_AWARE_SYSTEM_CONCEPT_AR.md
EA18ED00A7D0BCCD506E4EC18B0C276197BF51F6B17E24DE548D3EF5FB547310	4379	docs/archive/pre-cda-amd008-001/adrs/ADR-000_INDEX.md
B51F7E3A01B6DF5BD5E2695AD370BBF2E55B2B809AF743652C772E945BE8E128	2524	docs/archive/pre-cda-amd008-001/contracts/CON-000_CONTRACT_REGISTRY.md
D6D49E8A850F141CDC9F83FDF9C6F823EE57FAAB5BE1B9F12E3AFA9360E71FBD	1688	docs/archive/pre-cda-amd008-001/contracts/CON-002_AUTHORITY_DECISION.md
1814B438C2490F64050A2033F4688373798E9217C09DBE1689A3EF22222AB86D	1800	docs/archive/pre-cda-amd008-001/contracts/CON-006_HEALTH_AND_FITNESS.md
BB3B931DA568A6045EAE7E717FA99560C1D52F765CE223CD7634EC47C2E7F386	5990	docs/archive/pre-cda-amd008-001/foundation/FDN-001_STATE_AUTHORITY_AND_PERSISTENCE_CATALOG.md
98B7FC64CA718F881044D94122F005771BA1F5EEE488EE4F02B3624EAB7C7497	9804	docs/archive/pre-cda-amd008-001/foundation/FDN-002_FIL_INTERACTION_AND_SCHEMA_CATALOG.md
39C7E6AF98FE357152B0965506A958B5465A09810A3D107D304D030EBEC76257	4553	docs/archive/pre-cda-amd008-001/releases/FRS-001_READINESS_REPORT.md
F0BD23BD1D43B871A688D3A2C4737FE8E53901CDB8C7CA2080B8A31ED044CAA2	3889	docs/archive/pre-cda-amd008-001/roadmap/ROADMAP-001_FOUNDATION_GOVERNANCE_AND_SECURITY_BACKLOG.md
A9EC957D94A527F37E84BA221872646C1A0E0F57C0797378E773C95B5FE6FDC1	6541	docs/archive/pre-cda-amd008-001/specifications/core/AWR-001_SELF_AWARENESS_SYSTEM.md
E49F6BFC4CD0505C709DBEB3F31D7C1D8081493EA6E4D9986DE59AA2692E297A	7138	docs/archive/pre-cda-amd008-001/specifications/core/EVO-001_SELF_MAINTENANCE_AND_EVOLUTION.md
375D6ADA031EF763982EF08603FE0588501C3E3F629815ABE990543BE48436D0	4132	docs/archive/pre-cda-amd008-001/specifications/core/README.md
477DE3DF585A52B5633EED542535F4CFF67A9A0133ADB277A724F991BECD2E19	8282	docs/archive/pre-cda-amd008-001/specifications/SPEC-000_REGISTRY.md
1D27FA786532C70D568A9C6EE7122ADAA64053CCA7084794FD7E0C0C4A0377C4	28117	docs/archive/pre-cda-amd008-001/traceability/TRC-001_FOUNDATION_REQUIREMENT_TO_VERIFICATION_TRACEABILITY_MATRIX.md
31741315893F5B6FDB77678898AE91C711BF7C4FBF7B96E0A0B0BDE7562E7ABB	3512	docs/archive/pre-cda-amd008-001/verification/VPL-005_HEALTH_EVIDENCE_LOSS.md
3BE935579FE2BE1A5F4F4A30FD9BAA78C4CDA7429C7F1599DADA145E77FE751F	1706	docs/archive/pre-crypto-v1.0/contracts/CON-004_FIL_ENVELOPE.md
BD8675E03E4F42684A28FCAB0E8B7C8D44AF24BF8D1F80F64D677DA533894F69	8472	docs/archive/pre-crypto-v1.0/foundation/FDN-002_FIL_INTERACTION_AND_SCHEMA_CATALOG.md
5DFA3F32F053105287D8929AC133B65B04252884A1A42729DBD065EC2A9CBE8E	2626	docs/archive/pre-crypto-v1.0/foundation/schemas/FIL-001_FOUNDATION_MESSAGE.schema.json
5C058EE11AAA13D4E95D239238EAACCBD02751F74230F5E99B76481C4FB92496	10963	docs/archive/pre-crypto-v1.0/plans/IMP-001_FOUNDATION_IMPLEMENTATION_WORK_PLAN.md
81DBC5023A37F34409D160CC0AD6A7E3C85BB5D64673393EC4B93241B3E6D341	4660	docs/archive/pre-crypto-v1.0/specifications/core/SEC-001_SECURITY.md
E580EAA7E5C8A796150689EFD61EF17E321973942C78443C285BC0DD87926EC6	4049	docs/archive/pre-crypto-v1.0/specifications/core/SYS-005_SERVICE_BUS.md
00F564328B03E0E30BC372E5162481D4C0A3535220E823BBA367BCE9632E70BB	4230	docs/archive/pre-crypto-v1.0/specifications/core/SYS-009_FIL.md
95AB6D9CDDBA928C6DC3A6A31CCE0BB7AD4834D11AC476BA8FDB6D425C6729E6	3625	docs/archive/pre-crypto-v1.0/verification/VPL-004_INVALID_FIL_MESSAGE.md
36061E82438BCAC48EFAA725DF5512A55FB1F00104C07201A1D2E9D9194128A0	12935	docs/audits/FND-AUD-001_FOUNDATION_FINAL_GAP_AUDIT.md
F3E09DB1AA72C726DAA812CA5D9FFC3FDDD28F532ED0E5BEA790585FFD106FD7	17273	docs/catalogs/BLD-001_FOUNDATION_TOOLCHAIN_AND_BUILD_BASELINE_CATALOG.md
E30843B74A8C38EB12FF537D3535E1975208B6D0EFB4E9483F5E709D0AFB1EAA	16584	docs/catalogs/CRY-001_CRYPTOGRAPHIC_DOMAIN_AND_PROFILE_CATALOG.md
95F9B485546E6CC058C23CF551B7B0559D759C39A48FACE0A48B201589F3F1D8	13678	docs/catalogs/IDN-001_FOUNDATION_IDENTIFIER_CATALOG.md
8AA7A0194A3CDB6FCF5B2C4868FE8B4CADBA915165836A0F88B9090A07F60C73	15796	docs/catalogs/TIM-001_FOUNDATION_TIME_AND_CLOCK_QUALITY_CATALOG.md
0DADEAB3B874421E2A4D37E186F55B751BA0F49CAE3701E8740E18C1AD820EC5	5677	docs/contracts/CON-000_CONTRACT_REGISTRY.md
E5F72CEE31B9E7462F913DA804B9B74677441DAD42252B782976C5526CCB8209	1637	docs/contracts/CON-001_CORE_IDENTITY.md
2C025D6B47786B1A4D9394CA99370E3B7A2E1FA1BF5774345039F95A34BD939A	1814	docs/contracts/CON-002_AUTHORITY_DECISION.md
83E5768D43CB3AA35553EFF52437A5399196ADEAF3BB0E4EF249D259BA2A81B2	1721	docs/contracts/CON-003_LIFECYCLE.md
73E1DDB4C95E6BBC33450F77284C86640339212A38C8E23BD1AE380CC3706BDA	2531	docs/contracts/CON-004_FIL_ENVELOPE.md
7348A123BBE871755E893AFFC3662AF6F75C157589A221A7B1C26EDE396FF856	1458	docs/contracts/CON-005_EVENT.md
217470F66BFA33C906189BDA5770E1F1889DD29EC9435A32619B0517F33C1320	2835	docs/contracts/CON-006_HEALTH_AND_FITNESS.md
9BF4EC58EEB0AA65E9303ADBEE0EE41E8520A01FBD55BD12FF16ACC05E0883FB	1658	docs/contracts/CON-007_CONFIGURATION.md
C9D5EA3A91288DD8821047EE19FD90DD5844A3FCFADDA3091D1FF4AA3C4F1427	12027	docs/contracts/CON-008_EVIDENCE_AND_LOGGING.md
46DD7C6CF9AE66FE1D37DFE35E10FBFB6A15E3EA7826E2C47019A8DF677FF767	1546	docs/contracts/CON-009_SECURITY_CONTEXT.md
058EF7BC26F6C1654377959CF3316818A42AA23ADB940EAF62B49E5AA2CE3F6C	12879	docs/contracts/CON-010_FOUNDATION_BASELINE_MANIFEST.md
CE9A32DCD18FA210A08D148C36A6E2D86C69CF364809FC4B9765C8F09F1737CC	4625	docs/contracts/CON-011_PROTECTIVE_RESTRICTION.md
B795C0F0F552D64235629796407FB8C999F663DE5B99A4EB6C5BB252A997303B	11300	docs/contracts/CON-012_AUTHORITY_INSTRUMENT.md
1168A1F596838734762F496AD0EC1DE18DCA42B158FEED71D2D39552568D9B8B	12884	docs/contracts/CON-013_DELEGATION_AND_REVOCATION.md
3A2A42F681C42539C4F92CAED6172FEEECC7D6696FFCAD5C0E13DC23401EE0E1	13084	docs/contracts/CON-014_IDENTIFIER_PROVIDER.md
66E73745F3D9D169A822AEBDAD496376A6F192B08EF7922D16CA8887CFBD2A18	14233	docs/contracts/CON-015_TIME_PROVIDER.md
23A22D1C9EB11669683C976844CF34045931973C247D096EFAA778818BFA2D70	8025	docs/contracts/CON-016_CRYPTOGRAPHIC_PROVIDER.md
8C1AFA0D06919B1A4A95E861533B8B30A8EA387BB592660796364046E90B6B2A	7184	docs/contracts/CON-017_SECRET_PROVIDER.md
2FE484EDD91138169BDB7A994B2E2600C0C274C637A9422F4EF772556652D07B	7894	docs/contracts/CON-018_CERTIFICATE_AND_IDENTITY_PROVIDER.md
A665647D914B00936EB4ED85CC0FB0A3C3C5F1F02C8D0984AF09027556CBBACC	7041	docs/contracts/CON-019_RANDOMNESS_PROVIDER.md
9B7E9C8323EBE504A92864D61DD50D46C4EB0017C2C765F7D96EEC00B580B3ED	9218	docs/contracts/CON-020_BOOTSTRAP_EXECUTION_CONTEXT.md
6F056CED8A5845C529DECEF5CB5435B4E201980BA50CBAF17766B4BC0BA4A6A0	9446	docs/contracts/CON-021_BOOTSTRAP_EVIDENCE_AND_PROVENANCE.md
D6D2B8ACD9FF324A5FC3B87A4BB09F0395E07B06F4E35CD0CE4CD5C043529A5B	2984	docs/contracts/CON-023_APPLICATION_CONTRACT_AND_MANIFEST.md
2D8E2006C0A824BE7C9276766357A7E4995F7D24657EFA4CDDDC50CE265F2DF1	20070	docs/design/DESIGN-SEC-001_FOUNDATION_CRYPTOGRAPHIC_PROVIDER_AND_SECRET_CUSTODY.md
1C2D51BB9B738ED28EA37D4F7DAC918D029C67C302DB5BDAB3A11D94ACA5A6D5	21747	docs/environments/ENV-001_FOUNDATION_BUILD_AND_VERIFICATION_ENVIRONMENT_PROFILE.md
1404970A62EAEE6FAD15F6ADBF7B9F57EC0539602E08DA840A018B16BCD8A317	823	docs/evidence/stage-0a/README.md
8207EECBB1D41C00018400761D651FDEA00753F10070CA2FD1D3FE75C09079E9	947	docs/evidence/stage-0a/STG-0A-EVD-001-01_AUTHORITY_AND_CONTEXT.md
5787EC5DB9AF722021B8FA3B236DB2B1F82EDC6FE17EB020CDCF5D124B185C69	913	docs/evidence/stage-0a/STG-0A-EVD-001-03_REPOSITORY_STATUS_BEFORE.md
7BA336487BA95D274226E9A4546F1608CD4CA10D09CF4077C79EB4B1BE953C40	653	docs/evidence/stage-0a/STG-0A-EVD-001-04_REPOSITORY_STATUS_AFTER.md
373668D41F49C236FBB3521428F9305A5DBEE1D3FE6758C1B32B5E3656FC30B8	820	docs/evidence/stage-0a/STG-0A-EVD-001-05_TOOL_AND_ENVIRONMENT_INVENTORY.md
1DD518CBDDD457D0523164438FD815CE833382C6BED6E5CCCC9B329AC00453F3	1515	docs/evidence/stage-0a/STG-0A-EVD-001-06_07_ISOLATION_FINDINGS.md
4B1F2FF87219FC6DB7BD6E5C8F2A8CD791EF164EA4C0091A26AD5C8B93BEAFD1	1439	docs/evidence/stage-0a/STG-0A-EVD-001-08_09_CHANGE_AND_STOP_REVIEW.md
9D6EDF36EEB5C900562103307B4EC158738C0A94114076D2BC209659F191250C	1214	docs/evidence/stage-0a/STG-0A-EVD-001-10_COMPLETION_REPORT.md
73AF19E83E35F5EE42654DAC063E71FFCB1EA8DF9638F814FBB30BC127D7D6C1	3046	docs/evidence/stage-0b/README.md
DB89AF60D8EDD32024AD45B0198BED55E1729DA5770606330D54506580AE8460	2267	docs/evidence/stage-0b/STG-0B-BLD-EVD-001_BUILD_TOOL_DEPENDENCY_AND_ARTIFACT_EVIDENCE.md
15732D0FF510785C4456D03C53F10252036B9E75C84A93024929A90954E540A2	1777	docs/evidence/stage-0b/STG-0B-CLEAN-001_CLEANUP_AND_RESIDUE_ASSESSMENT.md
8BD3C9BC635F6A1E07DB4902067755F3E6417AB374880C52C477273E245B1709	2202	docs/evidence/stage-0b/STG-0B-COMP-001_COMPLETION_ASSESSMENT.md
451A35543562F78399688ABCB63B605BB34253C8A4B5B5E5B73154360C0CEDDA	8329	docs/evidence/stage-0b/STG-0B-OBS-001_VERIFICATION_RESULTS.json
F92A415573345DE06E53B637D161A12866AEB997AC3346AB933AC049A81F39C0	822	docs/evidence/stage-0b/STG-0B-REM-001_DOTNET_ISOLATION_REMEDIATION.md
46EE6D8FD22BC2B7C400AE894C153967D13D71F55D90286A6432DE4728A43CD6	2149	docs/evidence/stage-0b/STG-0B-SEC-EVD-001_SECURITY_SECRET_NETWORK_AND_FINANCIAL_ISOLATION.md
A2074D94AA29F757E581758580528BE0AFAF9935FE3E5CA2BC4587733C42F8AC	2379	docs/evidence/stage-0b/STG-0B-STOP-001_DOTNET_FIRST_RUN_BOUNDARY_EVENT.md
6BA50BA8A60BE07AF6A0F65EFF56DC9B78F23C1A19441E41DDC92DF1F2601F03	2712	docs/evidence/stage-0b/STG-0B-TRC-EVD-001_VERIFICATION_AND_TRACE_ASSESSMENT.md
9E6E980FDF25CDB9B1462B3A85DD82DF6199D25433C536657E062E8E442A501D	1523	docs/evidence/stage-0c/manifests/AM-FCE-001_CANONICAL_ENCODING_ACTIVATION_MANIFEST.md
B87C8246A525F7555988A3EEA60AF3F724A7216FE2F5D505DA8F1499E9F266E0	1458	docs/evidence/stage-0c/manifests/AM-TRUST-001_TRUST_OBJECT_PRIMITIVES_ACTIVATION_MANIFEST.md
C71E770ECC8A23C6B8AB471DB93CDBD9E6D9DEFB159FE87533A63BC838C85FEA	1336	docs/evidence/stage-0c/manifests/CM-FCE-001_CANONICAL_ENCODING_CANDIDATE_MANIFEST.md
F724529EFD9AA18BCA7C9D08F7FDDCDE28E7BE789DF9D982CE1AE00BB862DC40	1376	docs/evidence/stage-0c/manifests/CM-TRUST-001_TRUST_OBJECT_PRIMITIVES_CANDIDATE_MANIFEST.md
9326F2A308A991546721384CF33B1FD5C111AA7ED874BC1B3028892B7B537F8D	2246	docs/evidence/stage-0c/README.md
2531A24BBAB2DC9C730C72846EA2DD7A6B40F719497D677C4766044BF1FEF877	1854	docs/evidence/stage-0c/RVES-STG-0C-002_ACCEPTANCE_AND_SCOPED_ACTIVATION_APPENDIX.md
A5D85865472F2A998CA8B77FE6F178A2B6BCDB9DC89C923DEE68F5F0038DB3B1	3169	docs/evidence/stage-0c/STG-0C-ACT-EVD-001_SUBJECT_VALIDITY_AND_ACTIVATION_RECOMMENDATIONS.md
8C46D6DD7A196BC82E9CB7BCE5CFF291F6C1EB092EB60913CFCA2F440984EE7A	1949	docs/evidence/stage-0c/STG-0C-BLD-EVD-001_BUILD_ENVIRONMENT_AND_DEPENDENCY_EVIDENCE.md
1666408DAAB9F5B0C8A307DAD11984888ADA87421009838F377A0699B66B440D	1209	docs/evidence/stage-0c/STG-0C-CLEAN-001_CLEANUP_AND_RESIDUE_ASSESSMENT.md
465F93AD3449F6DAEB3B81D19877CA73ED83F5ECB9BB4ED0BFA9818419FC42A5	1483	docs/evidence/stage-0c/STG-0C-COR-001_VERIFIER_COLLECTION_EQUALITY_CORRECTION.md
A8D1BDE795350B825CC0B2F438D93CD2D870422542F314BF2E2025B9CA246D68	1370	docs/evidence/stage-0c/STG-0C-DEC-001_EFFECTIVE_SUBJECT_DECISIONS.md
19E0554002EB8A1C12AFEFD826C147D30CBBB777E2C154F36E24ACBA03F70B68	2530	docs/evidence/stage-0c/STG-0C-DEC-CAND-001_SCOPED_ACTIVATION_DECISION_CANDIDATES.md
90BC681B4FB3A9328DD3DAC1172DEDDB770A34ED52E780B3E55C0EB01CF50720	2582	docs/evidence/stage-0c/STG-0C-INT-001_EVIDENCE_INTEGRITY_MANIFEST.md
509B791A017897AC26DB5EEE14240ABFE1DF6ED73CCED4EA572F74EAEB1DB8CA	7638	docs/evidence/stage-0c/STG-0C-OBS-003_ACTIVATION_VERIFICATION.json
D265E9519170676F1738C99B6D9F3FDFF8E08251E573FF031220D31396884363	7638	docs/evidence/stage-0c/STG-0C-OBS-004_ACTIVATION_VERIFICATION_REPEAT.json
F7E8E4C97B489B563EE3D8F5800738202CD6B74F7DDD586A566AD90E87B7EE16	8329	docs/evidence/stage-0c/STG-0C-OBS-BASELINE-001.json
338A127F3DB59EAC80DFDB17097B4AA1D94EBE4F1126712A21AEB6D5286BA504	8329	docs/evidence/stage-0c/STG-0C-OBS-BASELINE-002.json
DAC1B0C2E25DDCA741739B2D2E507AEFDE3E8C478B422E8176BF9AFAA9E3A6B1	9305	docs/evidence/stage-0c/STG-0C-OBS-FAIL-001_ACTIVATION_VERIFICATION.json
BE47EB1A70B679886E9F03969A543BE39D1008668F0084FAFB6351DAB02AE287	9305	docs/evidence/stage-0c/STG-0C-OBS-FAIL-002_ACTIVATION_VERIFICATION_REPEAT.json
041D9F9833273779CCBFE122D3208690516EB194257FFD873567D2DF0BF537F6	2242	docs/evidence/stage-0c/STG-0C-READINESS-001_FOUNDATION_IMPLEMENTATION_READINESS_CASE.md
EFDF51C80C9A5B14A8C26B9B3FEF4CF9EF8D27F3D6C6CFF0B539ADB4377DC04A	2709	docs/evidence/stage-0c/STG-0C-STOP-001_DOTNET_EXTERNAL_CONFIGURATION_BOUNDARY_EVENT.md
2BFD64F6F98FB5E7CE3F2F80190FC27BF1C1DC54AD962B8FB8F8412BCE18497C	2235	docs/evidence/stage-0c/STG-0C-VER-EVD-001_VERIFICATION_AND_RECONSTRUCTION_ASSESSMENT.md
14EC422C02948C8B0EC52B3D16B5F4FB3429AA8B115F13822DA822EA9EF5B80E	759	docs/evidence/stage-0c-closure/manifests/AM-REM-BLD-001-E_BUILD_BASELINE_EFFECTIVE.md
FFC5C5968989F98E21A9CAB381879DEEAAEADDEDDF61EAB6C9B1323F117EB69B	813	docs/evidence/stage-0c-closure/manifests/AM-REM-CID-001-E_CERTIFICATE_IDENTITY_EFFECTIVE.md
5E0732ED7DA9647EB97836E16B1969B41BAC96DE9AE09672CD480EF435A7E6D4	769	docs/evidence/stage-0c-closure/manifests/AM-REM-CRY-001-E_CRYPTO_EFFECTIVE.md
9B130549A372547238F4D3E283F7C80C1C89E8F1E26FA21E9A9108274026F391	791	docs/evidence/stage-0c-closure/manifests/AM-REM-ENV-001-E_ENVIRONMENT_EFFECTIVE.md
D07827A0672E82E5FE3B1C6E2BFE372B80E65854B815B72CF5C61969AC6D7F0D	775	docs/evidence/stage-0c-closure/manifests/AM-REM-GATE-001-E_GATE_EFFECTIVE.md
766846443876D09AEC542942F154C1123B86D3ED0988C3C7BFB5534365ADA42E	778	docs/evidence/stage-0c-closure/manifests/AM-REM-IDN-001-E_IDENTIFIER_EFFECTIVE.md
DAFBA401781EDFC418AC27E7AB9E9A8C18328AC6830D77EBA8FFB4236B102046	800	docs/evidence/stage-0c-closure/manifests/AM-REM-PIPE-001-E_PIPELINE_EFFECTIVE.md
50C14FA56A7D6411AA0CA99E6F4442E43EAAA70036C987922537DA3213374999	713	docs/evidence/stage-0c-closure/manifests/AM-REM-RND-001-E_RANDOMNESS_EFFECTIVE.md
F0137C694556CC6A5D72DCA2898E1A9AB5F3581CFFC81DA75A154EC0210D5C92	792	docs/evidence/stage-0c-closure/manifests/AM-REM-SEC-001-E_SECRET_EFFECTIVE.md
EA452B6912215D7B216FDB2949354F2A8C700A77395C0BEB1A0F081E68B8016A	720	docs/evidence/stage-0c-closure/manifests/AM-REM-TIM-001-E_TIME_EFFECTIVE.md
3FDB8B4279FCCC2C0C20CE4189ED4843ADE947C58516D2F2FC88B5321AA55341	794	docs/evidence/stage-0c-closure/manifests/AM-REM-TRC-001-E_TRACE_EFFECTIVE.md
97CC5B79374E288B095B1A0AC2158BFA4FC0F9C369BBF5E07B2A4E3B5AF74E34	960	docs/evidence/stage-0c-closure/README.md
C366BCB74D93E62B3F4B5849FE5BBBC253F878F327D382424556EAF6ACB8E4D3	803	docs/evidence/stage-0c-closure/STG-0C-CLOSE-INT-001_INTEGRITY_MANIFEST.md
DCE5C0ED2F0A37B995910975E37A61AFB93C99BA1D3AFF77C58762AA338687EC	2314	docs/evidence/stage-0c-closure/STG-0C-CLOSURE-001_COMPLETION_ASSESSMENT.md
B4062B94D9DF69B425637122DFC014655CC8D97D238DA39F3E75A3BECAF9FC85	1245	docs/evidence/stage-0c-closure/STG-0C-DEC-002_EFFECTIVE_REMEDIATION_ACTIVATION_DECISIONS.md
C19030F08471BA3DC34346373543E566A829B1DF918DA2877935805D64029B47	745	docs/evidence/stage-0c-remediation/manifests/AM-REM-BLD-001_BUILD_BASELINE_ACTIVATION_MANIFEST_CANDIDATE.md
EB5C88B114E80DEC7587E6F930D57865B93331394BA3E64A40FC3FCCE6BD0579	794	docs/evidence/stage-0c-remediation/manifests/AM-REM-CID-001_CERTIFICATE_IDENTITY_ACTIVATION_MANIFEST_CANDIDATE.md
2A9CAB2484A87F7A9ACCF788185F1710A43F78E99B000DAB71AB7FFD39ECBAC9	787	docs/evidence/stage-0c-remediation/manifests/AM-REM-CRY-001_CRYPTO_ACTIVATION_MANIFEST_CANDIDATE.md
A42CD5C0E313685F62A03C5FCE98701F9817F470EDB3685F513E0B6D558ECF3D	778	docs/evidence/stage-0c-remediation/manifests/AM-REM-ENV-001_ENVIRONMENT_ACTIVATION_MANIFEST_CANDIDATE.md
2DB7FBA9F25663BED26279A9EB4C957C742A22B6EF5C508C4591539F9C8B5965	757	docs/evidence/stage-0c-remediation/manifests/AM-REM-GATE-001_GATE_ACTIVATION_MANIFEST_CANDIDATE.md
ADE2789CC89911CD7EBC179FFD2434FE521C56ED21F4DB75959B898C10EDBC86	763	docs/evidence/stage-0c-remediation/manifests/AM-REM-IDN-001_IDENTIFIER_ACTIVATION_MANIFEST_CANDIDATE.md
F4ECCD6FF8324812787EAAED84274AE6738524B2C7CB5EE8582937958345AE21	775	docs/evidence/stage-0c-remediation/manifests/AM-REM-PIPE-001_PIPELINE_ACTIVATION_MANIFEST_CANDIDATE.md
52E88928B780B5E2296AF252A7224D689C93BA52DF3C746F5E60D675F8CAB6C2	697	docs/evidence/stage-0c-remediation/manifests/AM-REM-RND-001_RANDOMNESS_ACTIVATION_MANIFEST_CANDIDATE.md
63CAE5D0493DA8948F6E7CDCA7964355D2F7BFAA37EE8EFE5E98B98DE6E0AB42	771	docs/evidence/stage-0c-remediation/manifests/AM-REM-SEC-001_SECRET_ACTIVATION_MANIFEST_CANDIDATE.md
81074E850C33BC9EDAF025E24F0B7E58B7FA3BFB3981F16785B7990EAEFAC50B	735	docs/evidence/stage-0c-remediation/manifests/AM-REM-TIM-001_TIME_ACTIVATION_MANIFEST_CANDIDATE.md
46C2CF44BF8E6DA886754ABD39CF8B59EDF2770245C001D35ED6142AA2281B55	798	docs/evidence/stage-0c-remediation/manifests/AM-REM-TRC-001_TRACE_ACTIVATION_MANIFEST_CANDIDATE.md
32EC515E4BEB3F72846BC5EB165F78D54862B7B0B28D74781955EB7F0CC92D84	2858	docs/evidence/stage-0c-remediation/manifests/CM-REM-001_REMEDIATION_CANDIDATE_MANIFEST_CATALOG.md
FC950892DC9C90480637F762CDF775844CAFC3688B06C7DC5DBD7E710E1DFFB1	1585	docs/evidence/stage-0c-remediation/README.md
B3E74C2F5894FCB90D5218CE80B65F2C22361DAAFDBD8258FDB51A5CA6B67A11	1533	docs/evidence/stage-0c-remediation/REM-ACT-EVD-001_SUBJECT_ACTIVATION_ELIGIBILITY.md
2EA2D4DA5BA8AC654CBFD4FBFC0CD729C359F8685AC805924A377F3D0DB3B4FA	1664	docs/evidence/stage-0c-remediation/REM-BLD-EVD-001_BUILD_ENVIRONMENT_AND_DEPENDENCY_EVIDENCE.md
801779DFD2F27B8C1A1F9CD837FE4F7BDD10AF97738F24C08D7053003235291C	1022	docs/evidence/stage-0c-remediation/REM-CLEAN-001_CLEANUP_AND_RESIDUE_ASSESSMENT.md
9B1F6944D6E297F7ED0585C5B9DDEA094CDF3956C0ED24BBCF34A99658FAF3BD	1210	docs/evidence/stage-0c-remediation/REM-COR-001_IDENTIFIER_RANDOMNESS_REQUEST_CORRECTION.md
B61494CA6D8CFE830087F6451A0441F3B216FEE2EDDFF0B1772472B538F63258	3244	docs/evidence/stage-0c-remediation/REM-DEC-CAND-001_SCOPED_ACTIVATION_AND_STAGE_0C_COMPLETION_CANDIDATE.md
F9601B6D7AD7E8BE3FCB020D52DB2C1736CA72426545BC5BA35B3083EB4E55EE	2261	docs/evidence/stage-0c-remediation/REM-INT-001_EVIDENCE_AND_SOURCE_INTEGRITY_MANIFEST.md
6ED3C2413651D2609AE2E74096154105212AD9D34145D1D0BC47864898365121	10307	docs/evidence/stage-0c-remediation/REM-OBS-003.json
EBC07800FCE0957AC218BDD58A8268D8CCF19DD3088B923C758384C852809773	10307	docs/evidence/stage-0c-remediation/REM-OBS-004.json
222026C792A34CFE3FA8A13B09FD99E908BE3274FE6CC88E168A8366BDA17F90	10383	docs/evidence/stage-0c-remediation/REM-OBS-FAIL-001.json
9DB4A93BDA736CE30EF14B2AECF2CF5737A96BBD95BF5C43AD4FDACD1DE8578B	10383	docs/evidence/stage-0c-remediation/REM-OBS-FAIL-002.json
29DD262981A6F0774BC4DA10A35AB48D1AB4EC4449A15AF15526BF1D5262BF05	1081	docs/evidence/stage-0c-remediation/REM-READINESS-001_UPDATED_FOUNDATION_IMPLEMENTATION_READINESS_CASE.md
CE23D937EA38E493A4B528BC41A26BBB661DD26834F94B66915EA60604A70CC8	1682	docs/evidence/stage-0c-remediation/REM-SEC-EVD-001_SECURITY_CUSTODY_AND_TRUST_ASSESSMENT.md
C0B201D5EAB2950C87F15D6DD5955AD5BB5EE47366EE5CA426B68C9CE77E7E15	244106	docs/evidence/stage-0c-remediation/REM-TRACE-003.json
420C296F455057312A16618DC32886B1F87FBF81450EF0622A183E0B56AC0D51	244105	docs/evidence/stage-0c-remediation/REM-TRACE-004.json
BD759A34E95F8DF4218D9B85BAAD9CA44BBDC2AF5669B664E65FD677B3FF07E4	244106	docs/evidence/stage-0c-remediation/REM-TRACE-FAIL-001.json
3482D368DCA1F2733F0A519C2966EDDFA12B4B31B5FC731631BEF8F9025085D6	244106	docs/evidence/stage-0c-remediation/REM-TRACE-FAIL-002.json
3DC1E957023AA903A6C5AC1D5D5D0D45A57C88E3AA85198E127B34E517CF292B	1572	docs/evidence/stage-0c-remediation/REM-VER-EVD-001_VERIFICATION_TRACE_AND_GATE_ASSESSMENT.md
552A7345B60B700C681CCC463ADDE52BC6E42F9961DD4E8D7BCFAC2F34159BAD	536	docs/evidence/stage-3-wp04/README.md
AF26FD325B368CC2D1420C3B7F0DB5EF5175974B808F2EC759E36AD5A099BF02	8004	docs/evidence/stage-3-wp04/REPOSITORY_STATUS_AT_POST_WP04_AUDIT.txt
1867A05EA298CD4CA29D5CCBED2E7C21FC0A76924895A67BD6DEA75E9E294FF1	2449	docs/evidence/stage-3-wp04/STAGE_3_WP04_FINAL_CLOSURE_REPORT.txt
6DBEFBACF21D04D2852E9BEAC7C4696ADA54B029A093E49F6B73552E16ED0964	11298	docs/foundation/FDN-001_STATE_AUTHORITY_AND_PERSISTENCE_CATALOG.md
4CF341BF1F4C3C5771DD7203F4E1D3981D5FB833D3211FBA24CBC0EC3C64003A	11159	docs/foundation/FDN-002_FIL_INTERACTION_AND_SCHEMA_CATALOG.md
9B3AFE605F79CC06376C07FA8AD861E47BD90B66B5DDE5E7F41971339FDDA5F7	4502	docs/foundation/FDN-003_IDENTITY_AND_TRUST_PROFILE.md
C3E8FF08B4D7743AF9446C78151209949050112E10D28FD967668D228E073248	5372	docs/foundation/FDN-004_FOUNDATION_CONFIGURATION_CATALOG.md
79E09B57A98F10807A25FE3618BF7A0DDFC50BB43DAD5E80DFD0AD963733A1A2	6652	docs/foundation/FDN-005_PROTECTION_AND_RELEASE_CONTROL_MATRIX.md
700FE3C5E4B6CFA92A4D932CCEDAE232782535DDD559CC598AD0867668AAA11B	3342	docs/foundation/schemas/FIL-001_FOUNDATION_MESSAGE.schema.json
8F4084E3E5E929F4F0E34E48A1452CE8FE4D6E3E057B483FF2CC6150C6529C90	1853	docs/glossary/GLO-001_FALCON_FOUNDATION_AND_APPLICATION_TERMINOLOGY.md
51C635D01A1D2C32BC9154B90B5FF72CC4D00463D13EA4F29A7E462AE1D95A29	937	docs/governance/FIAI-STAGE1-001_ACCEPTANCE_RECORD.md
CBB8A8E67AD89C1E68E1029BA6854D64277FEA125E691D15DE7B78D7C979AEFB	1024	docs/governance/FIAI-STAGE1-001_ACTIVATION_AND_EFFECTIVENESS_RECORD.md
93DF633707132C5E0E72B137EF8C146B94730F22DA6D2823F233560B2B17E8C0	2870	docs/governance/FIAI-STAGE1-001_AUTHORITY_INSTRUMENT.md
8E00CB0A8EBCEFDF75DB1584DD1219DBF11CF5FF0E51CB7B5D8DD173F8E5F1C6	1977	docs/governance/FIAI-STAGE1-001_EXECUTION_SCOPE_AUTHORIZATION.md
9EB64F8993F813137F9D317E2629939F3EF21079D832EDD1A0A6366086370092	1727	docs/governance/FIAI-STAGE1-001_ISSUANCE_RECORD.md
DADEDC6F30A33EC0E051219BDF1CAA19081068D0892FAB50735AE9DA4DF8B496	1296	docs/governance/FIAI-STAGE1-001_LIFECYCLE_CORRECTION_RECORD.md
A1519C03341A205EDC649ABEC4E18075021DF3DFFD9468E6D1A2DA3C55C946DC	1881	docs/governance/GOV-000_AUTHORITY_REGISTRY.md
F3CFA3BD40A82B1C293B665B4DBEB0D0D9123BCF8D40270570F7BFEB58A9D180	2387	docs/governance/GOV-003_FOUNDATION_RATIFICATION_RECORD.md
2E68179663B686692BE1820F8EC60F6D75A7E85243F1BE1386E112C5F930A2DF	1531	docs/governance/GOV-004_CONTRACT_AUTHORITY_AMENDMENT_PROPOSAL.md
52636EC6268D72DFB388886EAF5EA245937C37C4FE8B16FAD254E15A6498F679	1904	docs/governance/GOV-005_FOUNDATION_RELEASE_BASELINE_APPROVAL.md
467F62CC6E09AE7C818D03E7461D5DCD2FEBA9C7EFCB56B9C9AADF5271E7A7BB	1957	docs/governance/GOV-006_FOUNDATION_STANDARDS_APPROVAL.md
16DCE619F5121AE93C778EFC0148BF3CC502881C7C5C87540E13D9B497DFA177	2128	docs/governance/GOV-007_FOUNDATION_VERIFICATION_PLANS_APPROVAL.md
FBE26EB230A43729EE87FEA6650760EE7EE4EBB9E1146DC9A53C7E8D8AF25456	2207	docs/governance/GOV-008_FOUNDATION_DEFINITION_PACK_APPROVAL.md
C40DB39F281AE90BECCC89BD4BC06E84AA687245B005D790472629FA014E9E5A	1343	docs/governance/GOV-009_FIL_CRYPTOGRAPHIC_PROTECTION_PLAN_APPROVAL.md
55A93A8C51AA7268C9D6B14937B9B3A1532D9F05F68A16F93786F3AEC82F8E39	1060	docs/governance/GOV-010_FIL_CRYPTOGRAPHIC_PROTECTION_AMENDMENT_APPROVAL.md
899A94518DBDDB2D9F52832D3BDB48448C8982B8C96DA9363BDD421B39BF934D	1514	docs/governance/GOV-011_FOUNDATION_IMPLEMENTATION_WORK_PLAN_APPROVAL.md
3570137F7D7DAA6E1F6B58673E0D56C1AB163D799699DACC2E4D7F357871A187	1547	docs/governance/GOV-012_AUTHORITY_JURISDICTION_VERIFICATION_AMENDMENT_APPROVAL.md
0C9C588133FABE4BA7B36AFA6CA46F771A6CFFCEE722EE61EDF1B92F89F07151	1653	docs/governance/GOV-013_FALCON_SECURITY_AUTHORITY_CHARTER_APPROVAL.md
FF474480884B2E95DDB6213CBB28141740C80F18A21561EFCF71A07842C0E2EF	1680	docs/governance/GOV-014_FALCON_CANONICAL_ENCODING_SPECIFICATION_APPROVAL.md
E335FBA40560496B309E2C3F08005D10870249E00D3853B6D678384376305EC2	1491	docs/governance/GOV-015_CRYPTOGRAPHIC_DOMAIN_AND_PROFILE_CATALOG_APPROVAL.md
98B884E10B288C023BE3378A08FB71F7BE77361AF2EFF7B6374359FF528D1385	1479	docs/governance/GOV-016_FOUNDATION_IDENTIFIER_CATALOG_APPROVAL.md
F4F485729FD09984833F169A7E3A67294FE72587002442A7486732ABCEA51406	1596	docs/governance/GOV-017_FOUNDATION_TIME_AND_CLOCK_QUALITY_CATALOG_APPROVAL.md
28366F23C82B47EE8968033AB1DA738B4FF753B536D993CDC83B020071C2F684	1632	docs/governance/GOV-018_CRYPTOGRAPHIC_PROVIDER_AND_SECRET_CUSTODY_DESIGN_APPROVAL.md
847FDB6320FB0063244AC25E7BEA0E462C026BE5259CB4093C88F470976372F9	2329	docs/governance/GOV-019_FOUNDATION_TOOLCHAIN_AND_BUILD_BASELINE_CATALOG_APPROVAL.md
CA1102670BA5E4B25CBFFAC79BC81E42915C32FB3DA39539DFD417A376FEFA85	2228	docs/governance/GOV-020_FOUNDATION_PIPELINE_SPECIFICATION_APPROVAL.md
C0E5B6FA6483EB5EB0CD74A3FCB098EBD1ECB5F566C3FDF1A0B245CD853AA2DA	2317	docs/governance/GOV-021_FOUNDATION_TRACEABILITY_MATRIX_APPROVAL.md
0754659E32F0EA51DBF859959B4752CB48A0AD73D30C5B1DE5029FD74D70C6B7	2640	docs/governance/GOV-022_FOUNDATION_BUILD_AND_VERIFICATION_ENVIRONMENT_PROFILE_APPROVAL.md
2B16102A98C3CB9A3A438C2972A6BFF23CAAA89633761E3362E9BA194998DD7D	1847	docs/governance/GOV-023_FOUNDATION_BOOTSTRAP_AND_ACTIVATION_SEQUENCING_APPROVAL.md
1980204A0EC462DFA622BF934E40F3C59DDD8642738E177D6FCF4E48FFC2F328	2244	docs/governance/GOV-024_BOOTSTRAP_AND_ACTIVATION_SEQUENCING_AMENDMENT_PACKAGE_APPROVAL.md
F8E9B1CFA6852565B6A657D5EA24B28D529E30CFF189AC90B9AE8009B0AF0D77	2175	docs/governance/GOV-025_AMD-003_CONTRACT_AND_VPL_IMPACT_REVIEW_APPROVAL.md
A03D896BB051EB7F0097978DE32C74662C108F13522EA3858DBCD81CCB728187	1576	docs/governance/GOV-026_AUTHORITY_CONTRACTS_APPROVAL.md
5060C27770966EE0C95D2FA0404F9DB2E1AB8EB419806900AD297DBD9F9E6C46	1720	docs/governance/GOV-027_IDENTITY_AND_TIME_PROVIDER_CONTRACTS_APPROVAL.md
C020F79E1E0B21E70BFC98527F36902AAA92955F542D3C9A16EE641E6512763D	1817	docs/governance/GOV-028_FOUNDATION_SECURITY_PROVIDER_CONTRACTS_APPROVAL.md
2C5A0308B157D4B487DD8B438D5A2FE51107B40EEF2DB844F403259B60673EEE	1778	docs/governance/GOV-029_BOOTSTRAP_CONTEXT_AND_EVIDENCE_CONTRACTS_APPROVAL.md
675BE263D4A0F532C04EBD23BEA496EF591752290BFCB66BC2957978FD4C68F2	2223	docs/governance/GOV-030_EVIDENCE_AND_MANIFEST_CONTRACT_AMENDMENTS_APPROVAL.md
6EDB624FBEBB2D2BD736BA29C8E8E585D0FE0C3C727A3B23F41580ACD1A5B738	2210	docs/governance/GOV-031_FOUNDATION_BOOTSTRAP_VERIFICATION_PLANS_APPROVAL.md
32625168A6D4A68F6F0B6A6AC2F821267A488161968802316FBACDF0792BDC4B	2178	docs/governance/GOV-032_FOUNDATION_IMPLEMENTATION_WORK_PLAN_V1_2_APPROVAL.md
B8F78DDF5C0BE8CDD0514668D9CCBF9D05A3AF15654DE61DD79DAA19CAB8B14A	2233	docs/governance/GOV-033_FOUNDATION_BUILD_BASELINE_CATALOG_V1_1_APPROVAL.md
306F627493C95CC71F34E40B0CBF430B141997E1A19BDA0691817A20E8BD95D9	2171	docs/governance/GOV-034_FOUNDATION_IDENTIFIER_CATALOG_V1_1_APPROVAL.md
DF825FAB43A06AC182EA1D8505D0E16B8240BE71D9778D321A26EACC13B2BE07	2272	docs/governance/GOV-035_FOUNDATION_TIME_CATALOG_V1_1_APPROVAL.md
29E152FC6EB4AB0641BB5822288FF0FAEA83BFBBADE46BA694927313551F3B02	2353	docs/governance/GOV-036_CRYPTOGRAPHIC_CATALOG_V1_1_APPROVAL.md
25A16C01724303DF82B2CE751ACFC92B1371AAF85249F1A0D01AC77765289094	2781	docs/governance/GOV-037_SECURITY_PROVIDER_AND_SECRET_CUSTODY_DESIGN_V1_1_APPROVAL.md
595504007435B5B7F13ADF7858C4AD0E5788D88C258F693F6A96A279864CA6E4	2784	docs/governance/GOV-038_FOUNDATION_ENVIRONMENT_PROFILE_V1_1_APPROVAL.md
FDE429AAA63075CA5B594618C1525B854EF0FA0075F4CD1E1AC952D608F6ED6F	2699	docs/governance/GOV-039_FOUNDATION_PIPELINE_SPECIFICATION_V1_1_APPROVAL.md
648E08D612C46337C004F2E2C84E919CD322749ED4C9958CA801164A9FFDBB81	2797	docs/governance/GOV-040_FOUNDATION_TRACEABILITY_MATRIX_V1_2_APPROVAL.md
4320CA0D4C9A098C836610041465A0CE072A71B47A4348DCA3D8E2B01CACF407	2625	docs/governance/GOV-041_FOUNDATION_ROADMAP_V2_7_APPROVAL.md
823C74B9C54E128FE66C04C37275AC74CC49285703F6EE55A2E741F3B80A5768	2995	docs/governance/GOV-042_FOUNDATION_READINESS_REPORT_V4_0_APPROVAL.md
76FF9531558350417835B7F87C6DDB49401F7D69F1BC072DA6FA42F77A2CA5A7	2621	docs/governance/GOV-043_FALCON_DOCUMENT_AUTHORITY_V1_2_APPROVAL.md
685D20CD3937107CC96DF54326EEDDA02BB9165FE2822299343E53A27A6DCFE7	2736	docs/governance/GOV-044_FOUNDATION_DOCUMENT_CONTROL_METADATA_REMEDIATION_APPROVAL.md
71FE74EDA1E8DDC8592966340928B3BA5AFB397967642DB5B7758595E8660613	1516	docs/governance/GOV-045_FOUNDATION_READINESS_REPORT_TITLE_CORRECTION.md
6ADC4DF90AEE5735F1E9354FEBB1B210529FA71FDC7E1C77B2EF9931A425F13C	3206	docs/governance/GOV-046_FALCON_FOUNDATION_DOCUMENTATION_CLOSURE_APPROVAL.md
2B53FFBFB67D8D3717A3CA30EF98AF55F2DA6821F5995424E9919AB2283C1107	3144	docs/governance/GOV-047_STAGE_0A_GOVERNED_PREPARATION_PROPOSAL_APPROVAL.md
5DDB39A6CC5BC4F44D88D200F1076B2E4013E17CB02EABD1B3FD7FD2FCB04C38	4182	docs/governance/GOV-048_STAGE_0A_GOVERNED_PREPARATION_PACKAGE_APPROVAL.md
66D96350A763179C70DFB7914B56FA2AC134F3E7BDA310AC84D066D2E19E7ECA	4901	docs/governance/GOV-049_STAGE_0A_GOVERNED_PREPARATION_CLOSURE.md
6A389DC063944977CF27560D9C597DB46CEACFDDC436F959C65A8AFCE072F49F	2923	docs/governance/GOV-050_STAGE_0B_PROPOSAL_APPROVAL.md
32A6E0479A8E3DF373122108029A3171095C89C7E794194ABEE8D7CFA80A96FE	4005	docs/governance/GOV-051_STAGE_0B_DECISION_PACKAGE_APPROVAL.md
52845AE1E38D4D171531922B67825C725DA6883E9939B939E363815C8A739CB0	2543	docs/governance/GOV-052_STAGE_0B_DOTNET_BOUNDARY_REMEDIATION_APPROVAL.md
1D8C0A57438837A5727648A5C13ACE1892F0B9014958158CD205064795BD7082	7179	docs/governance/GOV-053_STAGE_0B_CLOSURE.md
ABF0A5AADC23888A12282E45A69237BB95100ECD9E1D3C309541BEF39860C298	3190	docs/governance/GOV-054_STAGE_0C_PROPOSAL_APPROVAL.md
3FA187CD9CE4809736EDFDAA249FE82DF94A518292D9D497276BA3C5E422DD8C	3440	docs/governance/GOV-055_STAGE_0C_DECISION_PACKAGE_APPROVAL.md
89FCA799D26C945562D6FF4BC7CD34E4F48B843355E9FBC381593E530753B6AF	1799	docs/governance/GOV-056_STAGE_0C_DOTNET_BOUNDARY_REMEDIATION_APPROVAL.md
2272D832D7BC84C3353E5142C95A9510228E4FD9824FFBFBAE6FAFC473A781C4	3084	docs/governance/GOV-057_STAGE_0C_INTERIM_RESULTS_AND_SCOPED_ACTIVATION.md
05DAE29AE41AAB134C50E9449D47E089CFFE8D2CC3181CC222BB1FC9F19D3454	2334	docs/governance/GOV-058_STAGE_0C_REMEDIATION_PACKAGE_APPROVAL.md
E9EF99A9BDCC1FBA2A52F3600DD1221CC6AE094BC081E87C0BDE286FA49B4BEF	3499	docs/governance/GOV-059_STAGE_0C_COMPLETION_AND_CLOSURE.md
918EBB49528D683E7E4EF70FF231574CB7D4A235E99F4558102704ADC3CBB11E	4307	docs/governance/GOV-060_FOUNDATION_GUARDIAN_ARCHITECTURE_APPROVAL.md
895339330EBB367544CED6FBAB1C449F67559B3E406153E5F1AA68B293E267EE	5803	docs/governance/GOV-061_SELF_AWARENESS_ARCHITECTURE_APPROVAL.md
3EE1B0A79C3324AF284AF37D8D685F36DB3C19569A37E54B8DC686263CD12DF6	5306	docs/governance/GOV-062_GUARDIAN_SEPARATION_ARCHITECTURE_APPROVAL.md
F42EED5932480935A04ADAA07E7126E4794BE2800997B5BBE7BE59471B4223FC	4732	docs/governance/GOV-063_FALCON_FOUNDATION_FINAL_ALIGNMENT_APPROVAL.md
3A913E09D3AEF53756171E1B54F9DCEAB80DD157207678C29A9DB7BEB241BDC0	4705	docs/governance/GOV-064_STAGE_1_CONDITIONAL_AUTHORITY_AND_PRE_EXECUTION_VALIDATION.md
679FEC679C5251423DC9518766BCA28AC1B5AC1F99D6BBD9790F705C9B017EE9	2360	docs/governance/GOV-065_STAGE_1_BASELINE_IDENTITY_CORRECTION_AND_FIAI_LIFECYCLE_NORMALIZATION.md
23DD80DC3ED0419BCF18F05D27391DD344E79D41D6CDCC3D7448C82E125FCD65	2829	docs/governance/GOV-066_FALCON_REPOSITORY_RELOCATION_TO_C_ROOT.md
8E3F5F41F43181D85CD7089984A6939FA955404A3BA6989F94A27ECB27F521B9	1471	docs/governance/GOV-067_STAGE_1_BOUNDARY_ISOLATED_NUGET_PROFILE_REMEDIATION_APPROVAL.md
DBB32DEAD9D1948545EEF23850F5647BD6B3CCFAEE87BA22CE68C974B17C2375	1957	docs/governance/GOV-068_STAGE_1_EXECUTION_START_AND_FIRST_WORK_PACKAGE_AUTHORIZATION.md
2DB647C539AE9683F30965391A2BD0FF50DDABE028C2832F46383B1E52E97C41	1359	docs/governance/GOV-069_STAGE_1_WP01_EVIDENCE_REMEDIATION_AUTHORIZATION.md
14A8694B1ACA0F287C053F7963D62A6F08F67C6619E7F73D2CF2C1594FF4A563	1583	docs/governance/GOV-070_STAGE_1_WP01_CONTROLLED_ROLLBACK_AND_REPLAY_AUTHORIZATION.md
331F247D217B0731BF26969DB48B5FB32217465C218E8CDB21E4D8B79F6E7A08	1277	docs/governance/GOV-071_STAGE_1_WP02_EXECUTION_AUTHORIZATION.md
9C1F78B613F3BC302A18B95D670862DE6DF6C46659E973521F11EBD655EB66CC	1469	docs/governance/GOV-072_STAGE_1_WP02_EVIDENCE_RECOVERY_OR_CONTROLLED_REPLAY_AUTHORIZATION.md
0C05A69EEE1039F08D96A70C4D953FE54F91A77802C205400BA3FCA3FACB4189	923	docs/governance/GOV-073_STAGE_1_WP02_REPLAY_EVIDENCE_INFRASTRUCTURE_QUALIFICATION.md
BB2E3C85186A08811CAED1242AEA53AD89D441D8BD43BDF96F71C9306A03868D	1210	docs/governance/GOV-074_STAGE_1_WP02_CONTROLLED_REPLAY_002_AUTHORIZATION.md
12980E223D1542704CB96FBDDAFD4A49FDF427053145A74C0BC77C4953A6936E	973	docs/governance/GOV-075_STAGE_1_WP02_REPLAY_002_EVIDENCE_BYPASS_DIAGNOSIS_AND_NO_BYPASS_HARNESS_QUALIFICATION.md
FB281252A57B2CA97396D327605512BF3685443BBA04B58C830D944A8A9B13CB	1996	docs/governance/GOV-076_STAGE_1_WP02_MANUAL_OWNER_EXECUTION_PACKAGE_PREPARATION.md
D43B65289AFF43519E4E2E6493E84D6BDD1C34E2452EC1B2E1B8DFECB04344FD	235	docs/governance/GOV-077_STAGE_1_WP02_MANUAL_OWNER_CONTROLLED_REPLAY_AUTHORIZATION.md
98B120CE7B293678FD72BB1EB8BB1315F01E8CF3FA6F851CDDBB0E76A5AEC604	985	docs/governance/GOV-078_STAGE_1_WP03_EXECUTION_READINESS_AND_AUTHORIZATION_PREPARATION.md
3D23D3C44F7DCB48F17EAAA4D0231C7B979E91A8C4EF1112D5F323E603519B76	1246	docs/governance/GOV-079_STAGE_1_WP04_DEPENDENCY_LOCK_PROVENANCE_LICENSE_VULNERABILITY_SBOM_CONTROLS_EXECUTION_AUTHORIZATION.md
D2DD674C7F778D4A9C766896AB7AE3F2E91E3A4D1C75B9C12D6E32572C34512F	960	docs/governance/GOV-090_STAGE_3_PLANNING_AND_READINESS_AUTHORITY.md
E88BDA088B320E6BC434E83A2B13F70A23BA8B76308BCBDFB46F594EDABEA749	3246	docs/governance/GOV-091_STAGE_3_BASELINE_RECONCILIATION_AND_CONTROLLED_REVALIDATION_AUTHORITY.md
30477E09B3AA621889DD0AAE934BAC658D29D1FB80BA8A1FD5E1485C84769B82	2319	docs/governance/GOV-092_CDA-AMD008-001_COORDINATED_DOCUMENTARY_ACTIVATION_DECISION.md
7F034CFABBDE1FED58BDF3F28061AE6FFA675947DB79AB2B461BF1F095912B65	2412	docs/governance/GOV-093_GOV_092_ACTIVATION_WINDOW_AMENDMENT_AND_IMMEDIATE_EXECUTION_AUTHORITY.md
2C278D8391006DAB7DFEB0077D4C7B5D0B0CB6CDF88B1EEE15A0E431A6266C9D	2422	docs/governance/GOV-094_CDA-AMD008-001_CANONICAL_ACTIVATION_REMEDIATION_AND_COMPLETION_AUTHORITY.md
C292A97FADEB217068EDB1CEC04199D1CE3C1AF0FAD3AA426E06D1D25FEF6A55	4013	docs/governance/GOV-095_STAGE_3_WP01_THROUGH_WP04_RETROSPECTIVE_EXECUTION_RECONCILIATION.md
821F1D5F58A2DF73820A047B130B8C69DB1B645A5652230AEA22A6F2CD3A33DC	25319	docs/governance/GOV-AUT-001_AUTHORITY_JURISDICTION_AND_DELEGATION_MODEL.md
85E8F288B3F316BB99E64C1B921AFF387CD4D17E603076B380810BD47A840EB6	30733	docs/governance/GOV-SEC-001_FALCON_SECURITY_AUTHORITY_CHARTER.md
685A296D59C9D575E3AC289C6EA73CDD9D9DD0A4E634A143F6DEDE951BA456CD	6128	docs/governance/remediation/MDR-001_FOUNDATION_DOCUMENT_CONTROL_METADATA_REMEDIATION.md
F3836F8B6C425F9BA297A5DE6E79260DA884E699C5E44E72ED60B593D518E2F8	12100	docs/plans/IMP-001_FOUNDATION_IMPLEMENTATION_WORK_PLAN.md
349F9FC76CD643038541F57F6257CC4C947F723159760005A1AD20FA36CFFF7B	14412	docs/plans/SEC-PLAN-001_FIL_CRYPTOGRAPHIC_PROTECTION_PLAN.md
246A9EDDF5F5080DD1186009553ED670260C5453937AC5025A5BE8084C81FAB4	3330	docs/plans/STG-0A-AUTH-001_GOVERNED_PREPARATION_AUTHORITY_INSTRUMENT.md
F71A9E7FBD6D7A9ADE4744C0822AEA80B845A6668DA0E70B7CDCCCF4DE096A8D	2050	docs/plans/STG-0A-BEC-001_BOOTSTRAP_EXECUTION_CONTEXT.md
4D3C4C36BDBEFA5AA025FE7440387BFA473FF4DE7E5E5AD5C4ACD0A9135CB917	1786	docs/plans/STG-0A-ENV-001_WINDOWS_PREPARATION_ENVIRONMENT_PROFILE.md
0A8AE8695DD042F2C7ACD2F06026ADD24C2B1821123B6F35BB26991CAF8830D9	1867	docs/plans/STG-0A-EVD-001_EVIDENCE_REQUIREMENT_SET.md
3E8E0B89D205BFB6B1667318B9188C5A9332EB76DE3BE0FA4C3A829A393294D2	1849	docs/plans/STG-0A-EXIT-001_STAGE_0A_EXIT_CRITERIA.md
0F1E389072ED6BE18CD530A9DA383DFCA7B697AA1BEDE9ABF264680857F647CF	1687	docs/plans/STG-0A-FIN-001_FINANCIAL_ISOLATION_PROOF_PLAN.md
7BB56E46FF4D8B79F3E6CD4C51D764FB97534D262C95B8E2B060C4ABB60B3D3E	10430	docs/plans/STG-0A-PROP-001_GOVERNED_PREPARATION_PROPOSAL.md
561DDA155A2D572FF5973D7ABE93EA7E7AFA23B90763BF2A57A4850632229220	4980	docs/plans/STG-0B-AUTH-001_ENABLING_PROVIDER_CANDIDATE_AUTHORITY_INSTRUMENT.md
731EA15897151EE07A8B46F51B66C5C602BA446691080B7BD386F7AEA92027F3	2828	docs/plans/STG-0B-BEC-001_CANDIDATE_BOOTSTRAP_EXECUTION_CONTEXT.md
18284EB39CFDCD1003BE113C6C9E2CFDC06BEE72779086F6057A022660ABD36A	2913	docs/plans/STG-0B-BLD-001_EXACT_TOOL_AND_BUILD_SCOPE.md
59CF8DDB64D05F8CD0740F857D48119134FF6021F9C675F2E378735B725E2130	2377	docs/plans/STG-0B-ENV-001_WINDOWS_CANDIDATE_VERIFICATION_ENVIRONMENT_PROFILE.md
1527E7FF7FF2D91DD65C24DAD227C717BA0DBD2C809A7A1418F4842678C89628	3407	docs/plans/STG-0B-EVD-001_EVIDENCE_REQUIREMENT_SET.md
2AA1B6FED4D51A84DC4F7C751379B925CA38A7F9E7EB3128CA8B920DE3813E9F	2876	docs/plans/STG-0B-EXIT-001_STAGE_0B_EXIT_AND_CLEANUP_CRITERIA.md
EE04DA4D6B97B4FDFE1F653CAF8B03F52148A9185446BA0BAAD0F37094705EBF	1993	docs/plans/STG-0B-FIN-001_FINANCIAL_ISOLATION_PROOF_PLAN.md
B9B2843452AB8B182A87B3E4EAE2D38FA6F601360B2E3A9C1529387331020E3A	15863	docs/plans/STG-0B-PROP-001_ENABLING_PROVIDER_CANDIDATES_PROPOSAL.md
AB4AE15F845E184037E26A6F0E1E64AE803AA5D7656C726F87D52A7E0B688ECD	2813	docs/plans/STG-0B-SCP-001_EXACT_CANDIDATE_SCOPE_AND_DEPENDENCY_MANIFEST.md
8EAB206BB2CB9CC8E88151C7D40C3CC38C5F3D0F215CC012B2FB9F6CD59A9D14	2394	docs/plans/STG-0B-SYN-001_SYNTHETIC_MATERIAL_AND_SECRET_CUSTODY_PLAN.md
75D9983B3671CD1605B927DD8E1F5799EA0A2A53CDCB1F9558868FF744E37D11	3034	docs/plans/STG-0B-VER-001_VERIFICATION_AND_INDEPENDENT_EVALUATION_PLAN.md
81C4294E661E98466B0DDCC9096D3F754E5B1D6AFC69AD0BE5DD4D7911A9D5BA	3286	docs/plans/STG-0C-AUTH-001_ACTIVATION_EVALUATION_AUTHORITY_INSTRUMENT.md
42CC496BBEAFFC38EE40314E84131FB76208690B08DEB2222110FD566F4A8E7D	1559	docs/plans/STG-0C-BLD-001_BUILD_BASELINE_ACTIVATION_PLAN.md
2EC289189CE3495455B0BE9F78449B01E891204E77E43679DA05E1666C664EB6	1880	docs/plans/STG-0C-ENV-001_WINDOWS_FOUNDATION_ENVIRONMENT_ACTIVATION_CANDIDATE.md
7EF8C3B94076488FAD739012B87F14662E2F35B69D9FC26A7053D8B5ECD3C758	2889	docs/plans/STG-0C-EVD-001_EVIDENCE_REQUIREMENT_SET.md
CDFAE40C44BF91867C48CC7D0CD540AB76581F43A9697AAEB7D415537AB08D1F	2416	docs/plans/STG-0C-EXIT-001_EXIT_AND_FOUNDATION_IMPLEMENTATION_READINESS_CRITERIA.md
671F05AE0C3B9E6538F6189822E0B599F4F4BD97E4234B05F237A745F8A4B852	1612	docs/plans/STG-0C-FIN-001_FINANCIAL_AND_CLOUD_ISOLATION_PROOF_PLAN.md
7048A192F5675E7AC8F6F8C5C465F58F05C9CA555D3CC26C9982FB0BAACE484E	1900	docs/plans/STG-0C-PIPE-001_PIPELINE_AND_GATE_ACTIVATION_PLAN.md
ED76CB46D000CEFB82A548F11007B1AD74D962682D70ED67212AC2F35C21CE02	19639	docs/plans/STG-0C-PROP-001_ENABLING_FOUNDATION_ACTIVATION_PROPOSAL.md
BBF1323F4C58A99B006755DABDB9C262DD5375ED6013E88659686DAA312551BD	1963	docs/plans/STG-0C-PRV-001_ENABLING_PROVIDER_AND_PROFILE_ACTIVATION_PLAN.md
6C1D26BB94A77430CACCD27B5B7922FC1D94D62199D05450E5DD5CC778C6480F	2473	docs/plans/STG-0C-REM-AUTH-001_REMEDIATION_AUTHORITY_INSTRUMENT.md
0007764BDDE705BFD2AA1F8F9DE82FDCF0746932A6CBB6CB87EAB67031E96FC2	1308	docs/plans/STG-0C-REM-ENV-001_WINDOWS_ENVIRONMENT_REMEDIATION_PLAN.md
2F1E5788E663435647D90F2383DC7826D00549CFFB8CF5B077879FB8F2D44A6A	1942	docs/plans/STG-0C-REM-EVD-001_REMEDIATION_EVIDENCE_REQUIREMENT_SET.md
BD105A247B0101F03532D07D9D74D588B93B3BD6A7F005FBC19288EC15E925D4	1318	docs/plans/STG-0C-REM-EXIT-001_REMEDIATION_EXIT_CRITERIA.md
229B0837024B81069E02A13FDC0C52A8B37801337490C05D4B6457D2262C9CDD	2012	docs/plans/STG-0C-REM-PRV-001_ACTIVE_PROVIDER_REALIZATION_PLAN.md
EA4D431540FDC4B848561DF94D5BB6ECC6E1733DF8B20AC5120B1970F32691E7	1594	docs/plans/STG-0C-REM-SCP-001_EXACT_REMEDIATION_SCOPE.md
88A105F553AE8DBD0F116C7F4AB53FDE4B3EECC261096163E12B15CCAE2019B8	1429	docs/plans/STG-0C-REM-SEC-001_ACTIVE_CUSTODY_AND_TRUST_BOUNDARY_PLAN.md
C38480395D550B7EEE3ECCAE7BCDC121F094460FA8B5F92600575D1A0C3860D8	1384	docs/plans/STG-0C-REM-TRC-PIPE-001_TRACE_PIPELINE_AND_GATE_REMEDIATION_PLAN.md
0278B4665E4226C867548841720AC7BEB0DCFB387892F42E1DE10F471AB6AFEE	1656	docs/plans/STG-0C-RST-001_RESTRICTION_REVOCATION_EXPIRY_AND_RESTORATION_PLAN.md
AFE03A86C7B66753FF4900C08A02F2DF9D28D6978B4A25836DDF71D5141ABC0A	2141	docs/plans/STG-0C-SEC-001_ACTIVE_CUSTODY_IDENTITY_AND_TEST_MATERIAL_SEPARATION_PLAN.md
B4E618298120C2DDB9745ED543873A90AD0CB613401DD537EADB66D2AC173F2A	2832	docs/plans/STG-0C-SEQ-001_ACTIVATION_DEPENDENCY_AND_DECISION_SEQUENCE.md
D51BBD23A74061ED40385534DD9BBD5B80CE6D202A9B344C774DF4AC79258FA0	2441	docs/plans/STG-0C-SUB-001_ACTIVATION_SUBJECT_AND_MANIFEST_CATALOG.md
ADDECD5DCC0547436F8C5517E6207B695AD2A915CBF422ABE387CB9F17697BE3	1504	docs/plans/STG-0C-TRC-001_MACHINE_READABLE_TRACE_ACTIVATION_PLAN.md
46BD57A10B10503A70DD865779AFB86D2AB2A03AFE75E2802FD3E9341E1AECEE	2026	docs/plans/STG-0C-VER-001_VERIFICATION_AND_INDEPENDENT_REVIEW_PLAN.md
86B721588ACEF318C795D96EA30C6884764796E54E5F375CDB7359C41E2F5727	4945	docs/releases/FCL-001_FOUNDATION_DOCUMENTATION_CLOSURE_RECORD.md
DA913F256ABA153ECFB3FEE4F8595F15F6C496AEE739C87354CEBD96021B666E	6142	docs/releases/FRS-001_FOUNDATION_RELEASE.md
54223E423EEF5E210A8A636704513FB69D1621B1F63A8695F328A7D9D97E1AEA	7181	docs/releases/FRS-001_READINESS_REPORT.md
F6955DBF8CE6DD805AA797A2BDE2BA11D86607C6052F8C7C438B16611331F291	2909	docs/reviews/PRE_STAGE_1_BASELINE_ID.md
0324C535CDD9F1CC414A42E8650C0C64CA1DEA0EF413E96B0795C499B4A10385	2848	docs/reviews/PRE_STAGE_1_POST_RELOCATION_SNAPSHOT_CONTENT_INVENTORY_001.md
BB1EE9DF01B2178EE09CD647C2E38A5DB1E959C175949E9384CB202D58303ACC	3189	docs/reviews/PRE_STAGE_1_POST_RELOCATION_SNAPSHOT_VALIDATION_001.md
73676766F091DA5A691F60A3627062DBF94D48A0901661EB9FDF01AE8E1FF27E	2223	docs/reviews/PRE_STAGE_1_SNAPSHOT_CONTENT_INVENTORY_001.md
CE7A96F3B5D4C5311731E1BD7B5035B2624D8108E696558B4FA3C90E060A173B	1220	docs/reviews/PRE_STAGE_1_SNAPSHOT_VALIDATION_001.md
A1D036626804C6A24EDDF0551001520C2B377C2C80FA893E87660CE1331F1D04	11798	docs/reviews/STAGE_1_CANONICAL_EXIT_GATE_DETERMINATION_001.md
858174F8D395A9EC67689E8B04F392C1999A3E5A510809C1D86D1B6F22050A59	976	docs/reviews/STAGE_1_CONDITIONAL_AUTHORITY_EFFECTIVENESS_VALIDATION.md
1F80F670B0B3D05FD13B73911C7966499A65F657BD0750C212A20484D4FA5045	1518	docs/reviews/STAGE_1_CONTINUATION_OWNER_REVIEW_PACKAGE.md
CB3C583B8560B61BE52E2D2C8241FB8EA15B8E06F7CBB7AD07EFEAE856511C34	1475	docs/reviews/STAGE_1_FINAL_EFFECTIVE_TIME_CONDITION_MATRIX_001.md
968EB63BDB32154121BCC47E3D67D8DBBC43BF95C77C5A7ACD438984D4B85010	1190	docs/reviews/STAGE_1_HOST_TOOLCHAIN_REVALIDATION_001.md
51E4D98C548B8B88617C11B3EC225D71E297247677B6772E154748C6F75C1B72	7268	docs/reviews/STAGE_1_NUGET_HOST_PERMISSION_DIAGNOSIS_001.md
10436B5AC4FE944574593245A3930671978F1464A1AAF76057D9590FC57202EB	796	docs/reviews/STAGE_1_NUGET_HOST_PROFILE_BOUNDARY_SUPPLEMENT_001.md
84DDF82AD797F6A07F907245274DF962B618167204289529F92911CB1AE769D1	1213	docs/reviews/STAGE_1_NUGET_ISOLATED_VALIDATION_PROFILE_001.md
81FAD7402E335708EFAB62FD967193A930E83DA20DAFB786F06A9F05C755F1EF	1651	docs/reviews/STAGE_1_POST_RELOCATION_BASELINE_ESTABLISHMENT_001.md
D9E5ED995DA0E86362C1C8E9CA2A8E46F55E1CBBEFC61F3AF54AFAA51A21ADAD	1781	docs/reviews/STAGE_1_PREEXECUTION_BASELINE_CORRECTION_001.md
7A27CA55C77A0939DD482F37B07FE2BD6D52C7F47EC055A76637E6AB94301238	892	docs/reviews/STAGE_1_PREEXECUTION_BASELINE_CORRECTION_002.md
BFA02FB97A624E48B23D2A96D389E7EEC0E09302B2E2BBD79D8348D2ADF9EFEF	2223	docs/reviews/STAGE_1_PREEXECUTION_READINESS_RECONCILIATION_001.md
5DF3A4DD646D42474FFE6B3E8CB8ABEE3DA8E66697C2260B69F3733395317C99	2374	docs/reviews/STAGE_1_REPOSITORY_RELOCATION_COMPARISON_REPORT_001.md
223F0504D3DB13BDB99401791409EF4330B0B55C208012ADFE2C491DEBC11895	3606	docs/reviews/STAGE_1_REPOSITORY_RELOCATION_OLD_PATH_REFERENCE_INVENTORY_001.md
0D6BBD8CA23FC31CDC85BE8AB3E2721E764F814F8394FF6DE62AD9646013A9F8	4059	docs/reviews/STAGE_1_REPOSITORY_RELOCATION_RECONCILIATION_001.md
0CBB96F56F61FA097EB48B9A096674358658482C12476EDC169891F1B33104DD	824	docs/reviews/STAGE_1_WP-01_ACCEPTANCE_REPORT.md
B841A7E067C8F70FF53F38745925785CEF54D6A0FE88C3766755911859E2C532	1970	docs/reviews/STAGE_1_WP-01_BASELINE_DIFFERENCE_REVIEW_001.md
06ABF4647BB6A03FF237E5D30A7605A8440EDB59E28FD9A06A9856721AA3AC79	1194	docs/reviews/STAGE_1_WP-01_BASELINE_DIFFERENCE_REVIEW_002.md
14A17AC1E3496D0BEB7F3633DDC12EFAE30741A846F7BB24F2707A93A3DE1994	956	docs/reviews/STAGE_1_WP-01_BASELINE_DIFFERENCE_REVIEW_003.md
0CD6632BA9343132369397DD224726BDA40E0A85739A746D3F971886D77CBCCD	2247	docs/reviews/STAGE_1_WP-01_COMMAND_AND_FILE_CHANGE_INVENTORY.md
3454817AC2C44ED040724D5A92298B2F2A59A765B8B63F45FC4A0E0F1A492872	1864	docs/reviews/STAGE_1_WP-01_COMMAND_EVIDENCE_SUPPLEMENT_001.md
1440519418BDA4EE5BCF8F0BE62541F466482BB5DAD3196796D547E1356A3A97	556	docs/reviews/STAGE_1_WP-01_CONTINUATION_READINESS_001.md
112D428A55872B9A6175DFAAFD731906D179C5DF904954998159A36280B74646	543	docs/reviews/STAGE_1_WP-01_CONTINUATION_READINESS_002.md
62B4DD52C4F373A981B765B01DCF251AD3AE5404D7498E6B4D27B3B5AD68DBE9	685	docs/reviews/STAGE_1_WP-01_CONTINUATION_READINESS_003.md
AD1F2E283550D22283506F352FC098A0893207F23FC52BED4C037A49D9D314A0	524	docs/reviews/STAGE_1_WP-01_CONTROLLED_REPLAY_ACCEPTANCE_001.md
FF984023001F173D255BC2213E60356D30AF14E2209AA5698B9A913C6D7F24B4	2068	docs/reviews/STAGE_1_WP-01_CONTROLLED_REPLAY_COMMAND_INVENTORY_001.md
9948F61AAC552C5D6B0BA67070E1F73F7625FB9CB818F6226CB08FADEAA30FAC	765	docs/reviews/STAGE_1_WP-01_CONTROLLED_REPLAY_EXECUTION_REPORT_001.md
9B6A3B3168A194C9781E7E4BB25E248554A857556381C451166CBDA791D755A4	1592	docs/reviews/STAGE_1_WP-01_CONTROLLED_REPLAY_FILE_CHANGE_INVENTORY_001.md
A8553954B85032D56763A61C097798F462D893C2FAF0615AA9B9AB6AF7A11D74	448	docs/reviews/STAGE_1_WP-01_CONTROLLED_REPLAY_ROLLBACK_EVIDENCE_001.md
86C127FF5EF8E5DD2356DA8499D8020B7608E54AD1FE075DBB4A7B007484DCF7	421	docs/reviews/STAGE_1_WP-01_CONTROLLED_REPLAY_TRACEABILITY_001.md
7C6EEB7E3194766262137FA656D0573E9023E5DC68C94D0984AD85689A2FD98E	1088	docs/reviews/STAGE_1_WP-01_CONTROLLED_REPLAY_VERIFICATION_EVIDENCE_001.md
56843026E21FB7CDCF092D58740B852149A1AABE9FADA40D9164DDEF86318CD9	1142	docs/reviews/STAGE_1_WP-01_EXECUTION_REPORT.md
FC527A7C2E80F35DC468A2BC772E3610EE41267597173C98E9C038C653018154	948	docs/reviews/STAGE_1_WP-01_FILE_PROVENANCE_SUPPLEMENT_001.md
79722FC8F4BC851756156E7D598D96E49141A7E86D6BCBAF2C6D747CFEA129AA	2333	docs/reviews/STAGE_1_WP-01_INDEPENDENT_REVIEW_001.md
237F24956BDF6322AB6236508A9284CE9EB69FAA977A8A4748F63DA87D3D8059	1717	docs/reviews/STAGE_1_WP-01_INDEPENDENT_REVIEW_002.md
284FB9DDDA43FBDB325FF4FC7AEE50606381514F42FE5AD398C9CA925B1171E6	918	docs/reviews/STAGE_1_WP-01_INDEPENDENT_REVIEW_003.md
05AD2386CBC86BCEEC06270ADD714745B01F21BE2005FB2BE2986086B9B97E88	2507	docs/reviews/STAGE_1_WP-01_ORIGINAL_EVIDENCE_INTEGRITY_RECORD_001.md
2FE78211BEDC3FCDA88DD3539816BFE1ADD6214D7200986208C055CE9906DFC9	1111	docs/reviews/STAGE_1_WP-01_PRE_REPLAY_ARTIFACT_IDENTITY_001.md
8B439E4AD5D3A519712DC72EA15233B7E891AA8B493786407A8064C5BB5ECAA3	432	docs/reviews/STAGE_1_WP-01_ROLLBACK_EVIDENCE.md
4C878B31EB0A83170EEDCF6B18FAF38DF96AD8619BEFFB51A79F505CCD7A2BE3	636	docs/reviews/STAGE_1_WP-01_TRACEABILITY_EVIDENCE.md
797A9721985FD6707377CF197121A50959569AE7719B1CE23EBAE64B25A56516	906	docs/reviews/STAGE_1_WP-01_VERIFICATION_EVIDENCE.md
61B2F8E31D8DDE4B21C904A569EF445BC11393911F96D4EB989C897CDDBF9AF9	240	docs/reviews/STAGE_1_WP-02_ACCEPTANCE_REPORT_001.md
2BE7611D9F68D007102809B9C8C2149B11E7A2AA6C9440144CBC2515E1D3A7ED	1230	docs/reviews/STAGE_1_WP-02_ARCHITECTURE_BOUNDARY_REVIEW_001.md
5BD304EFE66AFDEAFE68F3ED4AF49EAD370D22A775A25677491E4FAB7A97DE23	706	docs/reviews/STAGE_1_WP-02_ARCHITECTURE_BOUNDARY_REVIEW_002.md
A4DF82156D5F6BC42A6C317A63C28065EE2F0D5E8E2E97A0B6108DD8B2A9204E	725	docs/reviews/STAGE_1_WP-02_ARCHITECTURE_BOUNDARY_REVIEW_003.md
C5822D5FFEB7CC71E8ABAE4AA604ADB0D95AB3C219606979BB04012C84C51C42	1489	docs/reviews/STAGE_1_WP-02_BASELINE_AND_FILE_DIFFERENCE_REVIEW_001.md
643CCD7C35E90EDC3B6C5298F4C5AFAA8AD27B16CB82CC654ED9752882F9688A	1015	docs/reviews/STAGE_1_WP-02_BASELINE_AND_FILE_DIFFERENCE_REVIEW_002.md
9083CC67CB2FC6C0714E45562658B750A4C3DC113E7D8668C2ABD73E35D9C190	977	docs/reviews/STAGE_1_WP-02_BASELINE_AND_FILE_DIFFERENCE_REVIEW_003.md
AA2F86ED246584074DA9DC77BC2E7F043F118D0C98E401929F7848BE0F41D634	682	docs/reviews/STAGE_1_WP-02_CANONICAL_TITLE_ENCODING_CORRECTION_001.md
373921FDAEA5F635AC243F40757CE9A21371C62F27303BDE0EDC96EE8145AD72	1425	docs/reviews/STAGE_1_WP-02_COMMAND_AND_FILE_CHANGE_INVENTORY_001.md
3301155AB768E3C8AD89683C5DBA231B41E8DE0006998D9514E36FECBFC958C5	430	docs/reviews/STAGE_1_WP-02_CONTINUATION_OWNER_REVIEW_PACKAGE_001.md
FB6A72819999EC135C1A8C59DABD3601C2A5FF4BEA414409301B76F9D126FF65	431	docs/reviews/STAGE_1_WP-02_CONTINUATION_READINESS_001.md
AF1E77C7E84244FC7FE14C1CDC0E7E815319146EB85F25F94EC776F25E19AA58	241	docs/reviews/STAGE_1_WP-02_CONTINUATION_READINESS_002.md
2103AD8A318F8FF4C1ED33D926A9B417ADEF35F6703AB44CA1B8F543769CD235	241	docs/reviews/STAGE_1_WP-02_CONTINUATION_READINESS_003.md
3B1DAEB9B543B82A3CD9A078EF142911D836EA018FE522DA88C3CFD76271BBE9	452	docs/reviews/STAGE_1_WP-02_CONTROLLED_REPLAY_002_ACCEPTANCE.md
7CA4A55C85AD803ED3753E224CDFE14D3EF16693FDE9A04C39C2F8BEF4D83199	643	docs/reviews/STAGE_1_WP-02_CONTROLLED_REPLAY_002_COMMAND_INVENTORY.md
9A63886DFA99CA833169B0533F6ED3798D9589115211FEAABC972B12E0E2BBB9	723	docs/reviews/STAGE_1_WP-02_CONTROLLED_REPLAY_002_EXECUTION_REPORT.md
812A1739AEE0AE2AE748157D20F665071B25F79B7F65045BB28F68D22FBB1311	1744	docs/reviews/STAGE_1_WP-02_CONTROLLED_REPLAY_002_FILE_CHANGE_INVENTORY.md
DD65E77E9EB6EF3D80FF0804A97BBE5BE68D918C95B6FD486DEDFF52D5E3765E	633	docs/reviews/STAGE_1_WP-02_CONTROLLED_REPLAY_002_RAW_EVIDENCE_VALIDATION.md
F06578BBDE073250DB5924B0BDAB62206B0C904CFD41E29EF705D516E0E2B1FE	549	docs/reviews/STAGE_1_WP-02_CONTROLLED_REPLAY_002_ROLLBACK_EVIDENCE.md
8E169DD9DD05E31B1736BF3F3415CF63B38F00D6C216ED9F5AB9C45C1824A1B3	694	docs/reviews/STAGE_1_WP-02_CONTROLLED_REPLAY_002_TRACEABILITY.md
98C48CE47158466A9C0E7E0E459A8178CF949F7BB6E134873EA33EC8FD760183	818	docs/reviews/STAGE_1_WP-02_CONTROLLED_REPLAY_002_VERIFICATION_EVIDENCE.md
60AC8CAD35C26BE17912E9EBF66AE2A2C9380A3FD2C0FFDF941EBB7939D4FB21	312	docs/reviews/STAGE_1_WP-02_CONTROLLED_REPLAY_ACCEPTANCE_001.md
9A0FD15C28424DE3F66C8C69D672CD61B3E0B5C211568EEA6F8BA8DC9A6B080C	494	docs/reviews/STAGE_1_WP-02_CONTROLLED_REPLAY_COMMAND_INVENTORY_001.md
A68AE3B2240A73A6543A9974ED996C5D16B9821885AAA897F282DB6934210183	813	docs/reviews/STAGE_1_WP-02_CONTROLLED_REPLAY_EXECUTION_REPORT_001.md
4279AA6D3B0CF04BA136F3CEC266E5EB7A18FEC1E7D9343E5850E11809585321	1574	docs/reviews/STAGE_1_WP-02_CONTROLLED_REPLAY_FILE_CHANGE_INVENTORY_001.md
60D4F68BA94C4D7B7DDA4030CE9566E63776821A0317A8B5A9EEF8880BB5D833	409	docs/reviews/STAGE_1_WP-02_CONTROLLED_REPLAY_ROLLBACK_EVIDENCE_001.md
CF0F199F2941EB843023EE8847DD9C11F5B40F21428E59C1EE3E27D59BFE44EF	547	docs/reviews/STAGE_1_WP-02_CONTROLLED_REPLAY_TRACEABILITY_001.md
0FE1B7DCE1B69C4200CA3029437D3E8370450EF27797B08BE8A60B35E94105E4	635	docs/reviews/STAGE_1_WP-02_CONTROLLED_REPLAY_VERIFICATION_EVIDENCE_001.md
B9002B0EC824FA2EE935AD9F7B472C0CD161ACE797DC9FE101A4CF99394C562A	616	docs/reviews/STAGE_1_WP-02_ENCODING_INTEGRITY_DIAGNOSIS_001.md
96D1AC83209A54186EABCF3CEE4DB83EB88DD2BD54F6810481067EEFFB71202F	888	docs/reviews/STAGE_1_WP-02_EVIDENCE_CAPTURE_REQUIREMENTS_001.md
0D03CA2457B956D1E495EAAF2DF9805C319CF7374075838BFA554375A0329ADA	1233	docs/reviews/STAGE_1_WP-02_EVIDENCE_COMPLETENESS_REVIEW_001.md
DE16E11F4F6E69D9CFD5DC8DB58ABCC02906B6585455E8BD7A4BF9EBA2136933	510	docs/reviews/STAGE_1_WP-02_EVIDENCE_COMPLETENESS_REVIEW_002.md
F8ADE634378CF62EBF0E68F4AE426598810772C39B933AD099F5E48F84203937	564	docs/reviews/STAGE_1_WP-02_EVIDENCE_COMPLETENESS_REVIEW_003.md
6D590A5C99951012A5CADCB5EFFA45034387DAE6150740129CA17525FF7C0602	514	docs/reviews/STAGE_1_WP-02_EVIDENCE_RUNNER_INDEPENDENT_VALIDATION_001.md
55118A0B30AA13EF3DCF998366272A9EE69C2886E1AEE484D83FED0A27081EDF	1217	docs/reviews/STAGE_1_WP-02_EVIDENCE_RUNNER_QUALIFICATION_001.md
C3D17AA23E911FBD90AD2BB59BCC5DFA5D1F4F0BC50B706ED800A35F0608A264	1445	docs/reviews/STAGE_1_WP-02_EXECUTION_READINESS_001.md
B132E1A58EFC70344D507ACC7831D47F8DA045BF8CE16F88B5E33B1AB76AC88E	664	docs/reviews/STAGE_1_WP-02_EXECUTION_REPORT_001.md
4DCDA735E984AC0744EA7D4E0553579943D5543F8EB9D3BAB23CA1DE8F99ACA3	1512	docs/reviews/STAGE_1_WP-02_FAILED_REPLAY_EVIDENCE_DIRECTORY_INVENTORY_001.md
7F4463465B1EA30C3B1191CB48371E4B4F3F87BE5E434652808D5C52119BEC1F	2320	docs/reviews/STAGE_1_WP-02_INDEPENDENT_REVIEW_001.md
6286876DA4AD95C2BC0D070A8C1D632EC63C9AD74653612E4B19F56110F9193E	1853	docs/reviews/STAGE_1_WP-02_INDEPENDENT_REVIEW_002.md
4FCA571C848F2913EC6EEB2285DEB1EE4A337021C0FC5A5C88A377D324ECF694	2269	docs/reviews/STAGE_1_WP-02_INDEPENDENT_REVIEW_003.md
9EFE0F85173D18CFD25CEC2981D177B77DEBE9C8C937587DEC2A77596BCB7703	1357	docs/reviews/STAGE_1_WP-02_MANUAL_OWNER_EXECUTION_PACKAGE_001.md
8ADC21B1568D2C1156B803CC1737FC9EDAC4C9D71318FD137E3527258AD78A5D	1382	docs/reviews/STAGE_1_WP-02_MANUAL_OWNER_EXECUTION_PACKAGE_002.md
12DA4F9C2FC09170544B9B389CABB68C6DC093721B7AC50E15D9583EBB8324F7	1132	docs/reviews/STAGE_1_WP-02_MANUAL_OWNER_EXECUTION_READINESS_001.md
A76B5E0C44C36C950F3AEA8F3DAB936EDC9EF839200C56CF51B0F7E5B94D5F0F	931	docs/reviews/STAGE_1_WP-02_MANUAL_OWNER_EXECUTION_READINESS_002.md
53BFB19DBD61F36976BAA98A32FA7BEC3DAD2A04011BB20F1CB65EBF428D2BF9	653	docs/reviews/STAGE_1_WP-02_MANUAL_PACKAGE_FAIL_CLOSED_VALIDATION_001.md
A93075A847FF9C9E0509421F048F5D419E54806CD33ED38627F3F9F06E58564D	1273	docs/reviews/STAGE_1_WP-02_MANUAL_PACKAGE_MANIFEST_VALIDATION_001.md
9BEB84D02E9B4FD9609870C86EBFCFD98A4A1725E86245871A837EE951F819BA	732	docs/reviews/STAGE_1_WP-02_MANUAL_PACKAGE_MANIFEST_VALIDATION_002.md
4A54577941494B91289EF9886B356248ADB61C90869F7A44CD0ABDE2A4175952	736	docs/reviews/STAGE_1_WP-02_MANUAL_PACKAGE_SCRATCH_LIVE_EXECUTION_QUALIFICATION_002.md
0531E0AFEAF9FFAE2883C9B92EFD573A8F02B153FB22D1FEF98EBC73A00FE1B7	625	docs/reviews/STAGE_1_WP-02_MANUAL_PACKAGE_SCRATCH_QUALIFICATION_001.md
AFFB8EE5A568AF5E83F76179BCC999C4FC27C1A2482E53B94AF75A0FBBFAFB3A	1210	docs/reviews/STAGE_1_WP-02_MANUAL_REPLAY_SCRIPT_NON_EXECUTION_DIAGNOSIS_001.md
1756650F8FC55F511B74943CCF41C581BCF35CD2B9CF4354DE592463261B0F04	199	docs/reviews/STAGE_1_WP-02_NO_BYPASS_FAIL_CLOSED_TEST_001.md
F390E58C94634A14139F4982C44F2492728F9FEA8D978D9C0E62965840FC6652	199	docs/reviews/STAGE_1_WP-02_NO_BYPASS_ORCHESTRATOR_INDEPENDENT_VALIDATION_001.md
DE6E97A6CB5F0AF023A40BC9F0120EC5CE78B743E6C7D80885F104843D7BDD95	254	docs/reviews/STAGE_1_WP-02_NO_BYPASS_ORCHESTRATOR_QUALIFICATION_001.md
D950CFD4AF492742765F1DA13D2A52ED72D5B5B286EB7BA2289F73F79D875A77	1011	docs/reviews/STAGE_1_WP-02_OWNER_DECISION_PACKAGE_001.md
574A640E0AF708B14D7A4A6662BA8C85CC8D23DC395D4A61399F5C7790B17C57	1321	docs/reviews/STAGE_1_WP-02_OWNER_DECISION_REVIEW_001.md
75704E3975943C3083B64922DC1924F2E5F92762CCC577FC9698A6A74AE2443B	914	docs/reviews/STAGE_1_WP-02_PRE_REPLAY_ARTIFACT_IDENTITY_001.md
5522DE08051063B9D56483B64287CE7D70D43DC5876B82D79A1CC9A0ACA556F4	935	docs/reviews/STAGE_1_WP-02_REPLAY_002_EVIDENCE_BYPASS_DIAGNOSIS_001.md
554CAB370277BF66F2109A822C584E43EBF92CE74F0EA28AA10B0DF8852B81E4	1816	docs/reviews/STAGE_1_WP-02_REPLAY_002_EXECUTION_PATH_FORENSICS_001.md
BB08F30851A5EC5D9F0C82158342D331C1EE5BB3563F0327980DE23A3E3D9DBC	4892	docs/reviews/STAGE_1_WP-02_REPLAY_002_FAILED_EVIDENCE_INVENTORY_001.md
3581C14751122AFC394889058C29B4AEAF54CCAB40C713668E9A1375DAD04016	821	docs/reviews/STAGE_1_WP-02_REPLAY_002_PRE_REPLAY_ARTIFACT_IDENTITY.md
65D32886BE61ADA106A546C66D69F350A78C7D94E0FF5439DD97D049ED3C5F58	536	docs/reviews/STAGE_1_WP-02_REPLAY_002_READINESS_001.md
816786DD7DA351B3EEF0A0F12DC0B73F7CC68E7F3CF22E9377B71BC17F892F2E	496	docs/reviews/STAGE_1_WP-02_REPLAY_003_READINESS_001.md
ED456DB3327B3CBA0D042DF942155324924126DEF8DF7369B4ABA8CB34CCB584	468	docs/reviews/STAGE_1_WP-02_REVIEW_003_MOJIBAKE_SOURCE_DIAGNOSIS_001.md
977D5F52DDDA7D6D5AA6D00C3EF642D1BCDF85688E14E90AB2CC4CA30674E9BA	254	docs/reviews/STAGE_1_WP-02_ROLLBACK_EVIDENCE_001.md
88F0DD7E47592B4C15CA245D1A5FDC0EFEF6D8F2C9B1955FCB8A0C3D6466A728	546	docs/reviews/STAGE_1_WP-02_RUNNER_ONLY_EXECUTION_CAPABILITY_001.md
A502E0E21D41D51C2F2AFA07F4233D318E522A89459F45F8BC659C9D46F8A0C9	1836	docs/reviews/STAGE_1_WP-02_SCOPE_AND_ARTIFACT_MATRIX_001.md
0C913DA908D1FAA08C2F74F1A695E5B6511916C3003907B7F9D5727342BF40FC	1281	docs/reviews/STAGE_1_WP-02_SOLUTION_MISMATCH_DIAGNOSIS_001.md
0DC9AC9BBDCEE8F1AB1CC228C8F4BEB9BFA56264784C3A4CA45FACC65FAC3EF1	307	docs/reviews/STAGE_1_WP-02_TRACEABILITY_EVIDENCE_001.md
9B3C33762BCEB6CE2B5E0ACAB56FC04EF682C5FF99E27F4660732AC4C039FDDF	554	docs/reviews/STAGE_1_WP-02_VERIFICATION_EVIDENCE_001.md
74F0004ABB7CC077639CA489ECD6EC590BDB2567128F50B535AAEBD99074923E	803	docs/reviews/STAGE_1_WP-03_EXECUTION_READINESS_001.md
D795CF70F5FAC8C449B424F68F26754D31B66FE18A59E0F9EACF0865AE4D4AB3	1664	docs/reviews/STAGE_1_WP-03_EXECUTION_REPORT_001.md
F761A2F7412A0F415E5E6AEC2F93109F29CF4A213FBDB5B34D1FE85824E8D5ED	745	docs/reviews/STAGE_1_WP-03_INDEPENDENT_REVIEW_001.md
2FF1609B925985C0C28B30D7FEE64474E24B77D7725AD7754A5875805239E6E8	1825	docs/reviews/STAGE_1_WP-04_EXECUTION_REPORT_001.md
87E06125D75751FF9CA7DA8BD7CB31901CA576570653A0331FA4DCB7C0EFEA41	791	docs/reviews/STAGE_1_WP-04_INDEPENDENT_REVIEW_001.md
DE7978C07B4C330A04B5DE35AEC9E067A67445F05414595ADA10AB39AA9E5A74	1759	docs/reviews/STAGE_1_WP-05_EXECUTION_REPORT_001.md
5F1BC5FB12A34CC16F2B77CAFE4F2DEC0D91C7B7630CA599F462E0E4A77EE11F	870	docs/reviews/STAGE_1_WP-05_INDEPENDENT_REVIEW_001.md
7326DBABB48501C10D9F2D694ECE1C5908674421587BAFE0C48E7D4102F11DDE	1308	docs/reviews/STAGE_1_WP-06_EXECUTION_REPORT_001.md
E755320BF6188CFD7C57A6BF0FE00419DE85D2554B48E95E9CF61DEEB516C4C4	818	docs/reviews/STAGE_1_WP-06_INDEPENDENT_REVIEW_001.md
01CEB3B6E30BD3AC2BC6DBEECA123A7EF1BB5B199E01F0F2639DA3D6C5855B3C	1076	docs/reviews/STAGE_1_WP-06_INDEPENDENT_REVIEW_002.md
C5C2B847759CB0D0C74A30C1A6AAD86E6B9ACE07DA10F789D09569056E84B413	1457	docs/reviews/STAGE_1_WP-06_MANIFEST_AND_EVIDENCE_VALIDATION_001.md
A7FC01CE1BE931D0713F6EBB5DFD51EE6CD7B80786375C0786FD890DA667EBB7	1842	docs/reviews/STAGE_1_WP-06_REMEDIATION_002.md
AB307EDDAE81A19A2059962480F42B8D1854247170BF516E30940113A5CD186E	2074	docs/reviews/STAGE_1_WP-07_EXECUTION_REPORT_001.md
590DD108506C65715DB5421B8287EB9BC30A37CF56F563344F73BCD6D2B89272	2196	docs/reviews/STAGE_1_WP-07_EXECUTION_REPORT_002.md
A7E838B2741C361BD5CE224466826F6E4249E53266229938E2E87C7A1F088CFB	974	docs/reviews/STAGE_1_WP-07_INDEPENDENT_REVIEW_001.md
B7E9A92F4BFE6180E555EAA175DA2BBF00116FB8A12801FFF17A516C9CFDE26B	1302	docs/reviews/STAGE_1_WP-07_INDEPENDENT_REVIEW_002.md
2C17F9A3B0F0DF74EB8F78EE6577731F6495578E49283C8AAB2E1143E3305828	1878	docs/reviews/STAGE_1_WP-07_MANIFEST_AND_EVIDENCE_VALIDATION_002.md
4D0DBD26CB8743F51F3E39BF3556FF2E21B60B069802E8E7A1BBB558A4A3AFAF	681	docs/reviews/STAGE_2_OWNER_ACCEPTANCE_COMPLETE.md
B08D19D40BE4D2096C38C14E2D66B780FBCD8D79FE4AD4DEAA283D67CAA7F2F8	1297	docs/reviews/STAGE_2_WP-01_EXECUTION_REPORT_001.md
64E55A69DB3A18A4795B176873C2A49F6A8EBE26401B08B3A2F22DAB2F8BACF4	315	docs/reviews/STAGE_2_WP-01_INDEPENDENT_REVIEW_001.md
5BDABA33368CD0905AFA0E35B09A2F971ABE392C02B5C395AAAD5B123A5962CD	757	docs/reviews/STAGE_2_WP-01_MANIFEST_AND_EVIDENCE_VALIDATION_001.md
D1A820457E5BA52A9EC91897647A43FB3608F3A620FCF77AFFC229C6A6A01F82	1329	docs/reviews/STAGE_2_WP-02_EXECUTION_REPORT_001.md
F6F6B83C05B0110A03B1F6958CD777DD59DC7F04E0CEAA71A2C972A9EBEB99E8	314	docs/reviews/STAGE_2_WP-02_INDEPENDENT_REVIEW_001.md
712A9C4732ACD61479AE998F41E8B99A5DB8D641367A0CCD81A69417D4D5FFF3	757	docs/reviews/STAGE_2_WP-02_MANIFEST_AND_EVIDENCE_VALIDATION_001.md
9CE851C0BB48CB96495FF152904B2B4592B68262AFD1BB9912C2C98494985AB0	1322	docs/reviews/STAGE_2_WP-03_EXECUTION_REPORT_001.md
937DE2341195E97E958466827B14A329DC17C24DFCDA125819492F249B811EC8	316	docs/reviews/STAGE_2_WP-03_INDEPENDENT_REVIEW_001.md
B0789D11453773A788D9DDEC50103E4998C3B0773C34095FAE8E6EC223F759FC	757	docs/reviews/STAGE_2_WP-03_MANIFEST_AND_EVIDENCE_VALIDATION_001.md
529D6BEA6661CF724B93606628C8C3F413A8B1EF8EFC38D53DACD4F3526E86EF	1352	docs/reviews/STAGE_2_WP-04_EXECUTION_REPORT_001.md
BDBB7647746AC35E84CFE67BC7B4C9497E86FA7382AE378B636AE02AED3FB093	335	docs/reviews/STAGE_2_WP-04_INDEPENDENT_REVIEW_001.md
1824C3B9A0319276FE2F0A1E3B2F1D0DC6EE86CABE9D35CF9DED093632269967	841	docs/reviews/STAGE_2_WP-04_MANIFEST_AND_EVIDENCE_VALIDATION_001.md
B592CE8DA4B664A4E47D55804A7AF9F150A567B417F0D7B2F529875052A6D3BB	1895	docs/reviews/STAGE_3_BASELINE_RECONCILIATION_AND_CONTROLLED_REVALIDATION_001.md
343CE124B876464F0B1C2A7C8F5FE095CF0572BBFA3274624A923B5495C0266A	1704	docs/reviews/STAGE_3_GOVERNANCE_IDENTIFIER_COLLISION_REMEDIATION_001.md
B6EBE1FE0B41765AABB17CB857F0F902649E1910A41607769DB90FDA5539A089	3336	docs/reviews/STAGE_3_POST_WP04_BASELINE_CANDIDATE_STATIC_AUDIT_001.md
63642C91ACB6B330B5BE88376DEE8BBBA1B3F76702B22BCD8906EFD7C906DBB2	2507	docs/reviews/STAGE_3_POST_WP04_BASELINE_CLOSURE_001.md
327DD9D24B1EA52BDC99151B7AE8B67FC16F52E7B28C86BB1888A57781F5F006	2589	docs/reviews/STAGE_3_POST_WP04_ENCODING_AND_WHITESPACE_STAGING_REMEDIATION_001.md
568AA19A3746ADD9B7773694990F7324C33D9B41586200DD8176FB6EAE71AAA2	1853	docs/reviews/STAGE_3_POST_WP04_PLANNING_STATE_RECONCILIATION_001.md
F07EE82B17F902D0FD69A2587DEC1A7FBD4B53399F5BE17D96CF49DCA8E6BECF	1472	docs/reviews/STAGE_3_WP-01_EXECUTION_REPORT_001.md
1F7AED84C25D14BF5684C59ADE119281159C31FF0CBE8F12F9ADC60D80EBF3B0	402	docs/reviews/STAGE_3_WP-01_INDEPENDENT_REVIEW_001.md
BCE6611AEBE0F6718543794C9BD3EB69EFF23F76C1696E96E478FC37512F44A7	762	docs/reviews/STAGE_3_WP-01_MANIFEST_AND_EVIDENCE_VALIDATION_001.md
D001097BD79B0DA498AACACFDECD61EBB7D3484516286EAA0983347AAAB0E137	1349	docs/reviews/STAGE_3_WP-02_EXECUTION_REPORT_001.md
7CE800946165100E5A941BD0A3459057A97A9AE8DA30389C1428993B38E98FC3	435	docs/reviews/STAGE_3_WP-02_INDEPENDENT_REVIEW_001.md
D0F1DB2533C1F841D820838D9FF5E149943CFC4B6FEA0A0FB8B0D97CBF48DA14	798	docs/reviews/STAGE_3_WP-02_MANIFEST_AND_EVIDENCE_VALIDATION_001.md
B9536937B48EB80B674B942A99D8BB2A969ACDFA57FA5009EC971D4979057820	1687	docs/reviews/STAGE_3_WP-03_EXECUTION_REPORT_001.md
F2F518198DE77023E0FA93D6E5EFE482AD549D9BE4BCC096EED4A960A99AF909	1004	docs/reviews/STAGE_3_WP-03_INDEPENDENT_REVIEW_001.md
3923430D7674A166CF151561D56995CAF8F242AAA649C6F26C2E77A65A1D8A5B	1096	docs/reviews/STAGE_3_WP-03_MANIFEST_AND_EVIDENCE_VALIDATION_001.md
6826C931B6FB606F3CE087A2F3FC81673400BA37FE691E25E09A5436A9B0D78C	2414	docs/reviews/STAGE_3_WP-04_EXECUTION_REPORT_001.md
09339FA3F57B20EEC18816699208E1C83F403E751AF214CC265D4A5EB6D8AB82	1591	docs/reviews/STAGE_3_WP-04_INDEPENDENT_REVIEW_001.md
F76FD71014AA118DDF974BF2FB12A741C028EB838EC2AA48190E82C5BB1005A2	5375	docs/reviews/STAGE_3_WP-04_INDEPENDENT_STATIC_AUDIT_001.md
953ED633D1ED9922EE075CDB613CF483B6992B37373A2095DDB9E26BA4C20B08	2027	docs/reviews/STAGE_3_WP-04_MANIFEST_AND_EVIDENCE_VALIDATION_001.md
9618E18CC967A58F9C2C49C657C9D28B777BB5E37B261D9A93F3F4634E450D54	7364	docs/reviews/STAGE_SEQUENCE_STATE_RECONCILIATION_001.md
E3B0C44298FC1C149AFBF4C8996FB92427AE41E4649B934CA495991B7852B855	0	docs/reviews/wp05-evidence/format.stderr.txt
E3B0C44298FC1C149AFBF4C8996FB92427AE41E4649B934CA495991B7852B855	0	docs/reviews/wp05-evidence/format.stdout.txt
F67DD58BD67B142A287B2406F3578376A9C8406DCE40984413D26A8AB76FE0C8	232	docs/reviews/wp05-evidence/restore.json
E3B0C44298FC1C149AFBF4C8996FB92427AE41E4649B934CA495991B7852B855	0	docs/reviews/wp05-evidence/restore.stderr.txt
ED03717B728066A4A396DD182AA04B0F72D900E2F2A3CE0E88011A1296056B20	368	docs/reviews/wp05-evidence/restore.stdout.txt
80B7344A1F6B4C1FF275544A33D20A1BD1A8A6C395E08B624D4450DE4079F48D	6464	docs/roadmap/ROADMAP-001_FOUNDATION_GOVERNANCE_AND_SECURITY_BACKLOG.md
37059C9FAEAC0A85C5FA0A59E78578D941A0C14F61ECA19036C2D204FA04760A	3335	docs/specifications/applications/APP-001_APPLICATION_BOUNDARY_AND_LIFECYCLE.md
D707DAEC69D752C3D899604860BBD0CC05A13EA811DB68F812B65511BEB93B2F	12982	docs/specifications/core/AUT-001_AUTHORITY_ENGINE.md
7FA2D24CB29270281FC76200484F75512D18928F2597ADEA8BE376C473F8EC80	4540	docs/specifications/core/AUT-002_GUARDIAN.md
E8E1A6D9B3C4B63262F8E62D2AB142E897A06D6176DD67E8181B235BF4F3ADCC	13999	docs/specifications/core/AWR-001_SELF_AWARENESS_SYSTEM.md
9B2FA1411AF37EBDA37100F577D5EA65705D2F10E1025D56E7E243EEDEACEE9F	8862	docs/specifications/core/EVO-001_SELF_MAINTENANCE_AND_EVOLUTION.md
B76F7151A183F5A53BC6663763AC56CC0DAC67927DF6CEECEECEC0DB4EB6DC15	32916	docs/specifications/core/FCE-001_FALCON_CANONICAL_ENCODING_SPECIFICATION.md
BD16A25D29E29EFD9153DB021BF4336E1A717BE0000985AC983C716B77732B3F	4017	docs/specifications/core/OPS-003_RECOVERY.md
4A411A344F4EB503F22494F1764F6B234DD3BFC53B1B6373771050ECDAC5E6C1	3843	docs/specifications/core/OPS-004_LOGGING.md
83485BD973C9AF4C8884095DC939E0372A272206F60E138EE194290A11DAC47F	9097	docs/specifications/core/README.md
79396FC25803DBD2E32AC1DF3418B194A61B2CCF4C4BDB63068C72A6BF546103	6422	docs/specifications/core/SEC-001_SECURITY.md
42F11F78E90F0277CB6CB7861978994AD58BED22AFB7355B6CD4759EA6025A00	22251	docs/specifications/core/SEC-002_FOUNDATION_TRUST_OBJECT_MODEL.md
70BCC129A11483F2FFBCA8D2175FFDF2F9E7A01763FDCCC857C9F575E61F4941	4701	docs/specifications/core/SYS-001_KERNEL.md
79A67875020CB639EB386249ED853CB93ABA739B522FB8C25F78A5A331941C71	4000	docs/specifications/core/SYS-002_LIFECYCLE.md
6023276F00FA0E62DC0B2FC0E296A7EC82338B730DDD93B2E00AB9CD12189267	5221	docs/specifications/core/SYS-005_SERVICE_BUS.md
A3B44495F29DE045226B8C75902EDF4C60CD75036935356483DFFFAF81D13450	3661	docs/specifications/core/SYS-007_CONFIGURATION.md
622B68CC5D1231F591AECAA3518C94E38E0BF93F73A56C7D51FE6055929F873D	3956	docs/specifications/core/SYS-008_HEALTH_MONITORING.md
7E967210743BA735D84A67ADBEC8F62584BB4A77A3EB012BC38B99F187D5320B	5319	docs/specifications/core/SYS-009_FIL.md
FA997612EE0F35401B98BA8C1700F5FBC796E99D5C3DF4BC1F89D5D2A78106FF	3572	docs/specifications/core/SYS-010_EVENT_SYSTEM.md
6B621415B514155AED98F0035B4BC6778478EB90771245E92E6B1155B733BC45	3840	docs/specifications/core/SYS-011_PERSISTENCE.md
ABA929689EC7D6E47D5B10B3076A56C1F81CD7425F9B0679518BEB2E40BDBE03	4117	docs/specifications/decision/DEC-006_DECISION_LEDGER.md
6029D2B658C35D05807E24A66C64E7E97F26E538039AC6319C3B3235F753BECD	22516	docs/specifications/foundation/PIPE-001_FOUNDATION_PIPELINE_SPECIFICATION.md
79D9878398753F3EA72460BAB6B8CD376FF47829AC91E9B82638699678F901D9	1843	docs/specifications/foundation/SYS-003_FOUNDATION_SERVICE_OWNERSHIP_AND_CATALOG.md
A5578BFE2AE0803806035EFEAC15DEEC5A0D385260E0082644A97D1C4DF142C2	2258	docs/specifications/foundation/SYS-004_APPLICATION_DEPENDENCY_GOVERNANCE.md
51170D55E8DC2213D809136F33280424FECF6FD6224565162E41CFF47EEFA6B9	1657	docs/specifications/foundation/SYS-006_MULTI_LEVEL_RESOURCE_GOVERNANCE.md
C2334C533C909FC95B60467E4EB1ACA16DFF23C1DE5082C86354393FD60B433D	5500	docs/specifications/plugins/PLG-001_CAPABILITY_PASSPORT_AND_ADMISSION.md
D262F074637FB5F0E410633ECEE9F12E8B2CAB7497D11B5031A9AA53570D18C9	4214	docs/specifications/protection/RSK-005_CAPITAL_SAFETY_PLANE.md
EC845D167750E616C394680EA6B79993ADB3D8B7FB1D4AE57AD1F54FAF35DF1E	1600	docs/specifications/README.md
247E9FFFAF1BC4BB77FC669F006DEE02550CB35A6DCDCD1837147F13F182F5A1	2342	docs/specifications/self-awareness/AWR-006_MAIN_SELF_AWARENESS.md
26AA124CA01ECD49E4373DD01E3358768B696FBC6A60E97EE27B52876A837666	1768	docs/specifications/self-awareness/AWR-007_LOCAL_SELF_AWARENESS.md
A6B3D9CD0551A06C98E7694869D319EA17681A70F8E2B396F794F22D1A4142D6	1841	docs/specifications/self-awareness/AWR-008_COMPONENT_SELF_AWARENESS.md
D43D8F830E54E26E30EE3C73E67DFA19A9B5DA1046556CA951BE216154946C94	24823	docs/specifications/SPEC-000_REGISTRY.md
3FA45CE4E9606ACC0B620FD605C057E9C37ED753D993F2C5A016537FD01742AA	2507	docs/stage-0a-readiness/01_STAGE_0A_CANONICAL_AUTHORITY_MAP.md
EE2D5A889F10086860F662E2B67CE9107A1AC381A90CBF2E9B19D6F96093020C	1321	docs/stage-0a-readiness/02_STAGE_0A_SCOPE_AND_BOUNDARIES.md
F7AD757EF2BEC7D3A4A1CE4BB63C8905FD0E60B1827E9CB3A47C83CD9C323CE5	3832	docs/stage-0a-readiness/03_STAGE_0A_PREREQUISITE_MATRIX.md
09D17DE8AD2648F2FEAAA79F3B910966BAAE1D872D56D67673D535DC1490C1F6	690	docs/stage-0a-readiness/04_STAGE_0A_SECURITY_AND_ISOLATION_REVIEW.md
E775936E6283BD57FB3B79C9E50A20AFFA19E2FC2562D86DD008874EC25EACD4	784	docs/stage-0a-readiness/05_STAGE_0A_ENVIRONMENT_DEPENDENCY_AND_RESOURCE_REVIEW.md
55B837971854FD8C799F933C6DADB6D949978ED68C8E6BA19F887AC2D67C9D14	745	docs/stage-0a-readiness/06_STAGE_0A_EVIDENCE_MODEL.md
345E455BACE308E2894B2FD003B8753E04B96B2DE854B7ABF5E5BFD3B3122C01	644	docs/stage-0a-readiness/07_STAGE_0A_TO_STAGE_0B_PROMOTION_CONDITIONS.md
E97631CAD717B04FA73F81601172265676625996680C3B1C33F702A3A73ED8E0	417	docs/stage-0a-readiness/08_EXISTING_STAGE_1_READINESS_PACKAGE_DISPOSITION.md
80D57A7EDBAF123F734C61435D2255EF37B60917A7FE618E5D0D4E56B8EFA25C	2142	docs/stage-0a-readiness/09_STAGE_0A_GAP_AND_BLOCKER_REPORT.md
DB5AD8DA346F131348EAA9413B2F1A390DE996DC85710C7DE6F8001ADA5EC41D	779	docs/stage-0a-readiness/10_STAGE_0A_OWNER_DECISION_PACKAGE.md
71C30A2794156E6CAAE74F60C14622B1CDF68B0055AF236F2EB9361128597322	1016	docs/stage-0a-readiness/README.md
168C700F1420AF177C4D58C4A48A12C68D7D1C34985ADA829871E0494DF9891D	7565	docs/stage-1-preexecution-tool-admission-review/01_UNADMITTED_TOOL_CAPABILITY_INVENTORY.md
994F607576C7BA533DE9E0039339DBBFC01F8B424787796A8C5751D2DCCD93C5	2765	docs/stage-1-preexecution-tool-admission-review/02_CAPABILITY_NECESSITY_AND_ALTERNATIVE_ANALYSIS.md
680A53B398494E8CB0A315B26577B9C5187F73EF5385E27E3D38F8099D9DCFF3	1232	docs/stage-1-preexecution-tool-admission-review/03_TOOL_CANDIDATE_AND_SOURCE_REVIEW.md
3AD9901ABD51BE2AECE98189796AE0DECC942790BACC635965121108969FE524	969	docs/stage-1-preexecution-tool-admission-review/04_SECURITY_LICENSE_PROVENANCE_AND_COMPATIBILITY_REVIEW.md
49ACE5B6DD14A741CC0073365A7222ADABE126736E65DA65D5C1EFB5AF49820D	1150	docs/stage-1-preexecution-tool-admission-review/05_OFFLINE_ACQUISITION_ADMISSION_AND_ROLLBACK_PLAN.md
F797A84C5F75D790BB0029FFC20B06124286936F3930D7F3C1EC2635FB23B5E1	2326	docs/stage-1-preexecution-tool-admission-review/06_STAGE_1_TOOL_ADMISSION_PREREQUISITE_MATRIX.md
5CDC9CCF50BFF228F6A2099F1AFA78F4C16F725236C1BBAB448F3C0771DB0E70	1572	docs/stage-1-preexecution-tool-admission-review/07_STAGE_1_TOOL_ADMISSION_OWNER_DECISION_PACKAGE.md
4E41692BBF8FBD45A5286FE0714E1BAA63D7CDB9EB8360CC5B7A9A47060E20DA	1808	docs/stage-1-preexecution-tool-admission-review/08_STAGE_1_TOOL_ADMISSION_VALIDATION_REPORT.md
89794FEA9E7FA105E106DDA7D20FF2D224509E86CAF2F959D2822664A8B23BA2	666	docs/stage-1-preexecution-tool-admission-review/README.md
32853E4957D6AC3366CB97CB9BC5C2D99611661FD7B4896A9F5333F8B3649987	2507	docs/stage-1-proposal/01_STAGE_1_PURPOSE_SCOPE_AND_NON_SCOPE.md
AE59EED14A66B23CF883CB3F47BA5E7472A3DB92D45B0DAF50677F9D9FF4770C	3545	docs/stage-1-proposal/02_STAGE_1_FOUNDATION_COMPONENT_AND_PATH_BOUNDARY.md
729A8C42FA58F3410BB214E8DEE950E8AA32D99CAA40DC9856C90C589F8DE3A2	8694	docs/stage-1-proposal/03_STAGE_1_IMPLEMENTATION_WORK_PACKAGE_PLAN.md
03B1B52F41E4C82558CA14E6F4BCDC81B9AD7661F0DA47248E62529ED91D9BA7	8664	docs/stage-1-proposal/04_STAGE_1_PREREQUISITE_AND_DEPENDENCY_MATRIX.md
CD420C20F3BE81E95015CE94573D04397A31DAA8B4D5F0E611700AE0E1F2BA99	2083	docs/stage-1-proposal/05_STAGE_1_ARCHITECTURE_IMPACT_REVIEW.md
D859CE2ADF83CDA21CA8DF2EF9E9382C3B07F07ABCB3F69EBC8D75E02FAE746F	3449	docs/stage-1-proposal/06_STAGE_1_SECURITY_AND_ISOLATION_DESIGN.md
ACDDEFAF12BDA908869D565A8A055F7581E5204DF39DF3C128E71A2E7D443B66	6244	docs/stage-1-proposal/07_STAGE_1_ENVIRONMENT_TOOLCHAIN_AND_RESOURCE_PLAN.md
EA8C7E9A2F9ED69A268D81525853A18D98B1279F082C988414163B9C2A126139	4342	docs/stage-1-proposal/08_STAGE_1_VERIFICATION_PLAN.md
B25DFB366B205E76FCFE933CE1FDEF1EEE34ED0C06B9A3E2755DB894BD201BEC	7595	docs/stage-1-proposal/09_STAGE_1_EVIDENCE_MODEL.md
C08580AAE5D0FCA9B524F8727455E28E02108D8D366721D378D4A00E19925129	2313	docs/stage-1-proposal/10_STAGE_1_FAILURE_STOP_RECOVERY_AND_ROLLBACK_PLAN.md
F41C9F000BEAE936AE2E090E91DCAC909C358976580623CA340F1976D91DB789	3356	docs/stage-1-proposal/11_STAGE_1_COMPLETION_AND_ACCEPTANCE_CRITERIA.md
D07DD3BA44A33C31A7EB543C38534671875A75A93CBA70B3EE12BB6778B79CDA	2170	docs/stage-1-proposal/12_STAGE_1_EXECUTION_AUTHORITY_OWNER_DECISION_PACKAGE.md
A86655ACE11AFFC380CB11B42BB90A49597BDD4CE764EA18E3AE21D602CB494B	1678	docs/stage-1-proposal/13_STAGE_1_PROPOSAL_VALIDATION_REPORT.md
70BC2BBE925A5018527AE9CE7191496F5050FCCC77997089C46A4343F58C249F	5423	docs/stage-1-proposal/14_STAGE_1_FOUNDATION_IMPLEMENTATION_AUTHORITY_INSTRUMENT_DRAFT.md
3B56CAD2D59AD961E3CBB37F79AFCC74442F1A08B4DB4A912895F3C963E66AA9	1854	docs/stage-1-proposal/README.md
2DDA277D1A7830ED0257BE474DCDF3A3BF90EC390CDD41C02362DC5F61B1A869	1158	docs/stage-1-proposal-authority-review/01_STAGE_SEQUENCE_AND_CURRENT_STATE.md
0883C191EA22EFC90D8FC3F5097882AC5029B2E5E083A7C1381A3D880A410A8D	1276	docs/stage-1-proposal-authority-review/02_STAGE_1_PROPOSAL_AUTHORITY_SCOPE.md
C4AAED4CF99A7C8305D3CADB09D983D560F7F7F6B5A551C76E93310888F1E9CE	871	docs/stage-1-proposal-authority-review/03_STAGE_1_PROPOSAL_REQUIRED_DELIVERABLES.md
B17DB8BABC752B4856A1D20B209F1524AF56996846216A56A6FE40A147357999	985	docs/stage-1-proposal-authority-review/04_STAGE_1_PROPOSAL_BOUNDARIES_AND_NON_AUTHORITIES.md
8F5703F311CFA51B777A891AF2E08479730283AC264F7AD9C84E74BCE634049E	2213	docs/stage-1-proposal-authority-review/05_STAGE_1_PROPOSAL_AUTHORITY_PREREQUISITE_MATRIX.md
301DE367416BC42D6B8B3C0D974C9BAA0E507774367D59869F728856BF0314CC	1328	docs/stage-1-proposal-authority-review/06_STAGE_1_PROPOSAL_AUTHORITY_RISK_REVIEW.md
6DC8E8F66E36696942AF1BC7E85A0C16D58CBAE0D7B5B65F26A5CE977FBF3AD5	1585	docs/stage-1-proposal-authority-review/07_STAGE_1_PROPOSAL_AUTHORITY_OWNER_DECISION_PACKAGE.md
FE33023087724BF9A4ACE0417337A69982F7CED996B9605D69A5FBC2630BE9D3	1805	docs/stage-1-proposal-authority-review/README.md
3EFE303BFA473E0279971260A3398E36C71D18393513FA20226E967CC1B77640	7432	docs/stage-3-proposal/03_STAGE_3_IMPLEMENTATION_WORK_PACKAGE_PLAN.md
9A8B62421F4CD08BE0AFA616185F1DF4299E9D91E690E52971AACAEDA6BF091D	2935	docs/stage-3-proposal/README.md
C86D69DE8288DAA5B08203151CE1235D5561318E5DCEC4BD004004D8D9E933B3	2301	docs/standards/STD-000_REGISTRY.md
DA00D71B2F2FA48E32AB0FCB205AE4B45FF0DBFD99F9DCA43DA2308457E59515	1976	docs/standards/STD-001_DOCUMENT_CONTROL.md
A8ECA43D150649BD0BE4B3CD799039504B415E4A2B5756D8DCA4D4AD06FF9CD6	2485	docs/standards/STD-002_SPECIFICATION_STANDARD.md
8B134221026C26FFAC3E27B9486C877BD1B0C3E0AD982D873AB3A8D8E881098D	2476	docs/standards/STD-003_ADR_STANDARD.md
CE1FF56E265D580AFDEB139C0BAB3CE1B700EC6A7C014BCA44B2FEE4B25283F1	6729	docs/standards/STD-004_CONSTITUTIONAL_COMPLIANCE_STANDARD.md
50BF7EC86D053516B501ADDFB855C514FF5C10D7D60605FC5CF981E9D8388C14	6665	docs/standards/STD-005_RISK_EVIDENCE_STANDARD.md
E70656FDF6C280F7F64BD6D0651C6C39DB1A4E9DFCB1F41D4968DD52A0E3E9FE	6154	docs/standards/STD-006_DECISION_RECORD_STANDARD.md
9CC32FBC9DD42912D604004F43FB64B0BDA8C637A2119208117E774070CDCF45	6956	docs/standards/STD-007_SECURITY_AND_TRUST_STANDARD.md
1FE43011ABBF869B6AC13002FBA37E86B6D85E2D94451366E66ACE3E45DF57C9	7067	docs/standards/STD-008_VERIFICATION_STANDARD.md
3391EDF1DA638B753DF73F284FB5BC8104D74937C0C338194256B50EE039F07F	7506	docs/standards/STD-009_DOCUMENTATION_LANGUAGE_STANDARD.md
A2AC93FBB30BB5E9B1730915B8C24037D27E74CE16A8E73DCCFEF894E4A92117	2718	docs/standards/STD-010_PROGRESSIVE_AUTONOMY.md
20E13556B2522E7C8847D0E3355A80573B5CB16402FBFA4D750CBF4EB5E41314	2650	docs/standards/STD-011_SELF_EVOLUTION_EVIDENCE.md
A1086A436F928CEB5B0DBA35F0781D9C0909E973F7045695C54674C32ED62F58	2353	docs/standards/STD-012_CAPABILITY_PASSPORT.md
6A8834CB239F33DEAD88175614A2FE1F69D39B30363A96B9237484DA2460E540	1638	docs/standards/STD-013_CONTRACT_STANDARD.md
20E5E25E5AF3A85DAD58251D954A7484B80F2CD22A89B07E8024A8DFCCFA3AA6	31177	docs/traceability/TRC-001_FOUNDATION_REQUIREMENT_TO_VERIFICATION_TRACEABILITY_MATRIX.md
3AD427533C6C67772CC8C6E937F95C93711F6E3046E9166DD483E9FE57D6EED4	6487	docs/verification/VPL-000_FOUNDATION_VERIFICATION_MASTER_PLAN.md
ABEF6D427A0E9D1C2C22636761815F5ED1738760EFEF0F742B94B5AFE787258F	4132	docs/verification/VPL-001_TRUSTED_BOOTSTRAP.md
2183E37458192557D07CDD21E9464554A22DAADC65A6E064A0779A88BC83D9A6	3377	docs/verification/VPL-002_UNAUTHORIZED_ACTION.md
E933F97AD24FED5887FA7789DBA012F2DB9CF7D2874A61022A0ADB3CFB4B343A	3446	docs/verification/VPL-003_INVALID_LIFECYCLE_TRANSITION.md
5F3A79D6D48CBD31C72E693822801D128BF1A87960F5691AFFA3EA8B9D4CE193	4125	docs/verification/VPL-004_INVALID_FIL_MESSAGE.md
69AA340CB63FFF6245BF7C2D9E78B0F8407113B642170CB5166D1B47D8DFFAEB	11148	docs/verification/VPL-005_HEALTH_EVIDENCE_LOSS.md
289311672939DB36A1A11EE6BD5226B77DF4CF562B21A9445FB039D95941409A	3784	docs/verification/VPL-006_GUARDIAN_RESTRICTION.md
2A6ACF089953DA61B1A311A01CC6644B5B61F8AE224F165E3C2C5367DAB4B0B0	4298	docs/verification/VPL-007_CONTROLLED_RECOVERY.md
DD88A3CCD6C028AE9C6A1476DEEBEAB6A569E067CD6FFB7AA1BCCE14FE47302A	4151	docs/verification/VPL-008_EVIDENCE_RECONSTRUCTION.md
89B0647BEBDFF1C9833D6ED18A9F68E403FBF618B1059A81B8A3D9365E6DC71F	8114	docs/verification/VPL-BST-000_FOUNDATION_BOOTSTRAP_VERIFICATION_MASTER_PLAN.md
6D76915CC5E3150BB118D230E1E43D520053A7A7C7E541EF52CFB24EA556628A	3130	docs/verification/VPL-BST-001_PREPARATION_ENVIRONMENT_ADMISSION.md
DEA1EF4A718C920F081C172BC30D4A5A0C314C9A500018BB6C65524793309422	2671	docs/verification/VPL-BST-002_TOOL_AND_DEPENDENCY_BUNDLE_INTEGRITY.md
1C6C3C01CB78F8127175B741FC631B162A0B941F414ED31AAA03B70281BC76E8	2593	docs/verification/VPL-BST-003_IDENTIFIER_PROVIDER_CANDIDATE.md
AD4A7F9B5C42329574678CB1EE1002E616BAA026E4638C278BD08D656340D1DB	2756	docs/verification/VPL-BST-004_TIME_PROVIDER_CANDIDATE.md
60F19C76660C6F976BF466641B2BDE4F6C8A318D8C29FC50D8FBD1FCAF0BD06D	4421	docs/verification/VPL-BST-005_CRYPTOGRAPHIC_AND_SECRET_PROVIDER_CANDIDATES.md
B747D91644FB1A24D784B7495E20FD22BCF0E4F5767CE9DC584D6A25E71CB9CF	3141	docs/verification/VPL-BST-006_ENVIRONMENT_ACTIVATION.md
86A86FAAC54C44418507F9AE6763532835464FBD5AE22BDC67DDD33161CE50FD	3785	docs/verification/VPL-BST-007_PIPELINE_AND_TRACE_ACTIVATION.md
10AEDAA3C88F883EC99AC194D4AA6FAAF83B1D9957AA714809905E628068E8C0	4090	docs/verification/VPL-BST-008_BOOTSTRAP_AND_ACTIVATION_EVIDENCE_RECONSTRUCTION.md
89D999EAEBBF850CA24DEB5FC761C785E8A06F3955729B8BADEE817B8E1D1F26	1646	Falcon.Foundation.ControlledProjectFoundation.slnx
87F59AAA5125115801FDB286EB7979777ACB00E1E66634DEDCBF3FC4CA68BE0B	196	Falcon.Stage0B.slnx
1D68D112924559D97FAA4084839302EA6191DF78F51138BAF90EA569A989284B	734	foundation/activation/build-baseline.json
2183D3DC2F3428A9CF51EE12678468B753BB8BEF3FE2D46EED5D5F14910C15A8	958	foundation/activation/environment-profile.json
0D3B5F1CD875B51A665A9B284125761B09AF1FD2DD7F40C148733987749E7055	744	foundation/activation/gate-profile.json
ED1BD85F92E0155A540A40DBAAA73A6590EC7DF9A1E9A7A9076CD1590F2CF0D0	891	foundation/activation/pipeline-definition.json
5256A7E3E07D2C5C94F7A1E6C45F39AAB011C659C5E2D53E452DEA525CE04575	125	NuGet.Config
FEDAEF36AF7D388E52D0C76124D6E43DE0CA0FD17EBAC57503518B1804D039AD	2980	README.md
69DDF2D75B8FD3FB009447F4B0B4C6BF05C2FB8455030465EF05FED5BD92C7E3	2310	src/Falcon.Stage0B.Candidates/BootstrapPipelineCandidate.cs
851A26B71931FAE5836867BE6B5863742F5BC213BA17AE98C0D95927FB263BE2	3293	src/Falcon.Stage0B.Candidates/CandidateModel.cs
6F0113456CCE8FF01E4A04E68F4717D9A4CC3605FF3087EFD2CC3D5F978A1B6B	9467	src/Falcon.Stage0B.Candidates/CanonicalEncoding.cs
0062C69CABD0C8B6317FD40F2C02071AE31C834D16459E9A7883ACA8A3FEC917	13110	src/Falcon.Stage0B.Candidates/CertificateAndTraceCandidates.cs
DFEDBCD607A336F848354E2A8A915DFE252CC5D377BD798718A5FC2345FD2126	301	src/Falcon.Stage0B.Candidates/Falcon.Stage0B.Candidates.csproj
D3AFE6E8A3977C3D5441F16D9FB214EAB517BADF32D4BAAA4B4A6A196B44993F	12606	src/Falcon.Stage0B.Candidates/IdentifierAndTimeCandidates.cs
4646663860A8C6109663D9A62644881B9FFAA6242B6A54E29A9CB72BCEAB97FF	20485	src/Falcon.Stage0B.Candidates/SecurityCandidates.cs
DB95C06F5FC422798E19298EA550BB7757A9AEE46C584305E8174D2821DCF6A2	2964	src/Falcon.Stage0B.Candidates/TrustObjects.cs
02A6D8F6C90941683E5DA302A3503D353C934FCA84FB3E62307FDDB4A4ABA9B3	23772	src/Foundation.Admission/AdmissionControl.cs
02CB984D6123BC2699FEDC6DB91EC0B86AC3F9A1D940AFA29E9029697A9C299B	10547	src/Foundation.Admission/ApplicationManifest.cs
C458C67D30794E5EFAB244071574E569E6FC74A1D43F4E60FB14ABC370B7E20B	571	src/Foundation.Admission/Foundation.Admission.csproj
806E915DD42FF79940E95220EA986802439EEC41B95BF4639184010F2B680AD4	14044	src/Foundation.ContractRegistry/ContractRegistry.cs
2611E5995FFA8FE3539849426EFD206F8E6CB088D2C907285C0BB35991600264	368	src/Foundation.ContractRegistry/Foundation.ContractRegistry.csproj
7138BF8BF198B3FA26507A8CBD64FD7358A9CF16F59456A96CD6305AC2F8531B	35876	src/Foundation.Contracts/Contracts.cs
F0752E9B1679F19A879BA3F5B508E2995A5CF2B46CAC7FE998CA13DEF62AFBE3	354	src/Foundation.Contracts/Foundation.Contracts.csproj
2F8EB57030F027E3FFBAF5C7746A3A46E7DB8DB820617F062198CA6B7BE33504	306	src/Foundation.Core/Foundation.Core.csproj
D4D19D8B758E8156C83A89CB341F48E646009CE5B2311697C8C501B74394AA2D	85064	src/Foundation.DependencyGovernance/DependencyGovernanceValidator.cs
070F97A297ACDA15890A37AD34E58C9C0A3A57A5D76FD6FBEA3B9F947510FD57	10813	src/Foundation.DependencyGovernance/DependencyModels.cs
9E162B9002F52A9EF5BA892D766D3ECE92BCEB2F5C62636865C34F1C8217FBDD	774	src/Foundation.DependencyGovernance/Foundation.DependencyGovernance.csproj
A3C5BF2B99A50AE37153490B268D925FBF2F05FAD9C5D6CECEEF59E2D9CD4575	325	src/Foundation.Enabling/Foundation.Enabling.csproj
931350387C34DCAAD8015D7ABB12FCC615AABBCE1A3BEE8D4BCF684638B8DF0B	3840	src/Foundation.Enabling/FoundationContracts.cs
8AA2763B4AA11B065CEE7CC9B1999D9675DEF820A8149FE7D5A6EB713676886C	9755	src/Foundation.Enabling/IdentityTimeAndRandomness.cs
B25DEF55E13311C614F429E2F5EFE8E3DE7BA9F5B5AD3930F6F914BD3BB82554	13871	src/Foundation.Enabling/SecurityProviders.cs
5317EE225471841B67D5672D82D5B921080D824A1CA506227695F095CBFE673D	4418	src/Foundation.Enabling/VerificationPipeline.cs
87E049EFACF8C309FC0610452BE13E9AC191520A958A4243AA198E3A2EDDED27	519	src/Foundation.Infrastructure/Foundation.Infrastructure.csproj
58EF149C89219E36D96BD5AFDD48CE206B327BC86DB80B0D74037F4DA3062163	578	src/Foundation.ServiceCatalog/Foundation.ServiceCatalog.csproj
C89A2AC233D3830DD00FAA3AA9FAC904860A02D7346ED83099E00E75ACF3B490	59592	src/Foundation.ServiceCatalog/ServiceCatalog.cs
388B860AB9F2FDA88AE38DE7A8A9186A82BB75CEFAD9A12D6BB587257DE8C438	730	tests/Falcon.Foundation.Architecture.Tests/Falcon.Foundation.Architecture.Tests.csproj
043290A613C579EE2F4B3748C05B0F59507D9EBFEDCE82A09A0A60D5671B47F4	26296	tests/Falcon.Foundation.Architecture.Tests/Program.cs
7EABFE9B407FA3CE40E07459C4A4B48D3100D263293DB49DEDBCA8B8D7F9F1E8	411	tests/Falcon.Foundation.Security.Tests/Falcon.Foundation.Security.Tests.csproj
5698279C857CA7B304534ABDB9B89ACDFA9BAE383DB72E3423C2703725C5CF40	11629	tests/Falcon.Foundation.Security.Tests/Program.cs
8639D051382F7CDFFB08B8A1613B434703CB2C6190C6951CC3BC3864F0A2B886	364	verification/Falcon.Stage0B.Verifier/Falcon.Stage0B.Verifier.csproj
3394E8243FF390DA73F8ABC7E2FB8F3B9CD3C91157A541BE9F72EEB4972C8846	34820	verification/Falcon.Stage0B.Verifier/Program.cs
84D83B36E1B8FB28B9445698AD99EB64125AFB6EF5B052148644743B6387616A	374	verification/Falcon.Stage0C.RemediationVerifier/Falcon.Stage0C.RemediationVerifier.csproj
EABD29C218719DC0C6FF7B6A1186745C9793B1361DB45C25A63EC29EF2F04DA0	24126	verification/Falcon.Stage0C.RemediationVerifier/Program.cs
F5DE34943A9363BDCA66D8EDB19DC405EFD3CC2B1498E064B6531438B1D00B59	478	verification/Falcon.Stage0C.Verifier/Falcon.Stage0C.Verifier.csproj
49902D163E3E448F53C95B9233B1F89788811A4BD0B07F5E13B0D8E39162AFA8	16078	verification/Falcon.Stage0C.Verifier/Program.cs
474DCDA7E46EF8F4177D4A9A6E8A5FC81345348B3230EEAB43F52A6F262D3203	528	verification/Falcon.Stage2.WP01.Verifier/Falcon.Stage2.WP01.Verifier.csproj
143CBEF6C4CAA457CEA0D21B36B724BB4E0682558059CFD8328B612D2086319B	4183	verification/Falcon.Stage2.WP01.Verifier/Program.cs
ECC39D803650C763FBCC97FFC57C9D5691511BFF4690C1A2EE827BC074A7F454	524	verification/Falcon.Stage2.WP02.Verifier/Falcon.Stage2.WP02.Verifier.csproj
52C880A57981B7BC3BB8EE05B9BBAF42DB2206EFCB9E58FECC81B3F20AF7C7D6	5668	verification/Falcon.Stage2.WP02.Verifier/Program.cs
99CB9D69129953B850176B67C02D847575F115EC1D4ACE77E99B282DEB061210	524	verification/Falcon.Stage2.WP03.Verifier/Falcon.Stage2.WP03.Verifier.csproj
64B3D029332FD011DF12834344D908134ADCCE604548FAE7795894A92AC3D579	6825	verification/Falcon.Stage2.WP03.Verifier/Program.cs
BFEE9B6421A12827DA4766B6B7F1755FE573689C0BBD5C04A8F07F38E6E2F5A7	524	verification/Falcon.Stage2.WP04.Verifier/Falcon.Stage2.WP04.Verifier.csproj
60E7D5D3AAA56098B20552AEC070F06D1368FDD0609D9A78BDB2C60563B1824B	2929	verification/Falcon.Stage2.WP04.Verifier/Program.cs
DAEA25FFF639BD19BE9AA12963DA97AB64C29F1402F30C0387F3063799C4B7C2	538	verification/Falcon.Stage3.WP01.Verifier/Falcon.Stage3.WP01.Verifier.csproj
8297426DBECDDAF3D721D96A25EF20138E30F5393FD070BBCA3ABD658CB2B725	7129	verification/Falcon.Stage3.WP01.Verifier/Program.cs
C140030CD44A69FA0073AAB2193E1E7390DC6984255A00660E575A8A0D7B2C83	632	verification/Falcon.Stage3.WP02.Verifier/Falcon.Stage3.WP02.Verifier.csproj
5FAEB2A7B7E601BFB3B545E30424D949B1EF366A4D6DC99558035E0CD2BF070C	34760	verification/Falcon.Stage3.WP02.Verifier/Program.cs
B5815CA195F97AE18843AFA4D695FF2154F283CC5E5C47EF4CF8E0B0DE3B819F	827	verification/Falcon.Stage3.WP03.Verifier/Falcon.Stage3.WP03.Verifier.csproj
73BC04127CA944D7E240A5F67BD7BF8B5B8EBBC9C32DB61DA8E52228FCC1F839	84763	verification/Falcon.Stage3.WP03.Verifier/Program.cs
CBE266BDD107C4EC3ED8BE251BE880BFEB7E762D56B97FD42C59849971B4747C	943	verification/Falcon.Stage3.WP04.Verifier/Falcon.Stage3.WP04.Verifier.csproj
3ACC84E6A28E7331CBF2EB09BBB2C2759DCF4FE844BB7ED72AAA18478D1DD5BB	162121	verification/Falcon.Stage3.WP04.Verifier/Program.cs
